updateTime,重庆,台湾,海南,山西,河南,福建,广东,北京,江苏,浙江,贵州,江西,湖北,澳门,甘肃,天津,安徽,辽宁,吉林,内蒙古,宁夏,陕西,湖南,黑龙江,新疆,四川,西藏,青海,云南,上海,河北,广西,香港,山东
2020-01-22,0,0,0,0,0,0,0,0,0,0,0,0,17,0,0,0,0,0,0,0,0,0,0,0,0,0,0,0,0,0,0,0,0,0
2020-01-23,0,0,0,0,0,0,0,0,0,0,0,0,17,0,0,0,0,0,0,0,0,0,0,0,0,0,0,0,0,0,0,0,0,0
2020-01-24,0,0,0,0,0,0,0,0,0,0,0,0,24,0,0,0,0,0,0,0,0,0,0,1,0,0,0,0,0,0,1,0,0,0
2020-01-25,0,0,0,0,0,0,0,0,0,0,0,0,39,0,0,0,0,0,0,0,0,0,0,1,0,0,0,0,0,0,1,0,0,0
2020-01-26,0,0,0,0,1,0,0,0,0,0,0,0,52,0,0,0,0,0,0,0,0,0,0,1,0,0,0,0,0,1,1,0,0,0
2020-01-27,0,0,1,0,1,0,0,1,0,0,0,0,76,0,0,0,0,0,0,0,0,0,0,1,0,0,0,0,0,1,1,0,0,0
2020-01-28,0,0,1,0,1,0,0,1,0,0,0,0,100,0,0,0,0,0,0,0,0,0,0,1,0,0,0,0,0,1,1,0,0,0
2020-01-29,0,0,1,0,2,0,0,1,0,0,0,0,125,0,0,0,0,0,0,0,0,0,0,1,0,1,0,0,0,1,1,0,0,0
2020-01-30,0,0,1,0,2,0,0,1,0,0,0,0,162,0,0,0,0,0,0,0,0,0,0,2,0,1,0,0,0,1,1,0,0,0
2020-01-31,0,0,1,0,2,0,0,1,0,0,0,0,204,0,0,0,0,0,0,0,0,0,0,2,0,1,0,0,0,1,1,0,0,0
2020-02-01,1,0,1,0,2,0,0,1,0,0,0,0,249,0,0,0,0,0,0,0,0,0,0,2,0,1,0,0,0,1,1,0,0,0
2020-02-02,1,0,1,0,2,0,0,1,0,0,0,0,294,0,0,0,0,0,0,0,0,0,0,2,0,1,0,0,0,1,1,0,0,0
2020-02-03,2,0,1,0,2,0,0,1,0,0,0,0,350,0,0,0,0,0,0,0,0,0,0,2,0,1,0,0,0,1,1,0,0,0
2020-02-04,2,0,1,0,2,0,0,1,0,0,0,0,414,0,0,0,0,0,0,0,0,0,0,2,0,1,0,0,0,1,1,0,1,0
2020-02-05,2,0,1,0,2,0,0,1,0,0,1,0,479,0,0,1,0,0,0,0,0,0,0,2,0,1,0,0,0,1,1,0,1,0
2020-02-06,2,0,1,0,2,0,0,1,0,0,1,0,549,0,0,1,0,0,0,0,0,0,0,3,0,1,0,0,0,1,1,0,1,0
2020-02-07,2,0,2,0,3,0,1,1,0,0,1,0,618,0,0,1,0,0,1,0,0,0,0,3,0,1,0,0,0,1,1,0,1,0
2020-02-08,2,0,2,0,4,0,1,2,0,0,1,0,699,0,1,1,0,0,1,0,0,0,1,5,0,1,0,0,0,1,1,0,1,0
2020-02-09,2,0,3,0,6,0,1,2,0,0,1,0,780,0,1,1,1,0,1,0,0,0,1,6,0,1,0,0,0,1,2,1,1,1
2020-02-10,2,0,3,0,6,0,1,2,0,0,1,1,871,0,2,1,3,0,1,0,0,0,1,7,0,1,0,0,0,1,2,1,1,1
2020-02-11,2,0,3,0,7,0,1,3,0,0,1,1,974,0,2,2,4,0,1,0,0,0,1,8,0,1,0,0,0,1,2,1,1,1
2020-02-12,3,0,3,0,8,0,1,3,0,0,1,1,1068,0,2,2,4,1,1,0,0,0,2,8,0,1,0,0,0,1,2,1,1,2
2020-02-13,3,0,4,0,10,0,2,3,0,0,1,1,1310,0,2,3,5,1,1,0,0,0,2,9,1,1,0,0,0,1,3,2,1,2
2020-02-14,5,0,4,0,11,0,2,3,0,0,1,1,1318,0,2,3,6,1,1,0,0,0,2,11,1,1,0,0,0,1,3,2,1,2
2020-02-15,5,0,4,0,13,0,2,4,0,0,1,1,1457,0,2,3,6,1,1,0,0,0,2,11,1,1,0,0,0,1,3,2,1,2
2020-02-16,5,1,4,0,13,0,2,4,0,0,1,1,1596,0,2,3,6,1,1,0,0,0,3,11,1,3,0,0,0,1,3,2,1,2
2020-02-17,5,1,4,0,16,0,4,4,0,0,1,1,1696,0,2,3,6,1,1,0,0,0,3,11,1,3,0,0,0,1,3,2,1,2
2020-02-18,5,1,4,0,19,0,4,4,0,0,2,1,1789,0,2,3,6,1,1,0,0,0,4,11,1,3,0,0,0,1,4,2,1,3
2020-02-19,5,1,4,0,19,0,5,4,0,0,2,1,1921,0,2,3,6,1,1,0,0,0,4,12,1,3,0,0,1,2,4,2,2,3
2020-02-20,5,1,4,0,19,1,5,4,0,1,2,1,2029,0,2,3,6,1,1,0,0,1,4,12,1,3,0,0,1,2,5,2,2,4
2020-02-21,6,1,4,0,19,1,5,4,0,1,2,1,2144,0,2,3,6,1,1,0,0,1,4,12,1,3,0,0,2,2,5,2,2,4
2020-02-22,6,1,4,0,19,1,5,4,0,1,2,1,2250,0,2,3,6,1,1,0,0,1,4,12,2,3,0,0,2,3,6,2,2,4
2020-02-23,6,1,4,0,19,1,6,4,0,1,2,1,2346,0,2,3,6,1,1,0,0,1,4,12,2,3,0,0,2,3,6,2,2,4
2020-02-24,6,1,5,0,19,1,6,4,0,1,2,1,2495,0,2,3,6,1,1,0,0,1,4,12,2,3,0,0,2,3,6,2,2,5
2020-02-25,6,1,5,0,19,1,7,4,0,1,2,1,2563,0,2,3,6,1,1,0,0,1,4,12,2,3,0,0,2,3,6,2,2,6
2020-02-26,6,1,5,0,19,1,7,4,0,1,2,1,2615,0,2,3,6,1,1,0,0,1,4,12,2,3,0,0,2,3,6,2,2,6
2020-02-27,6,1,5,0,20,1,7,5,0,1,2,1,2641,0,2,3,6,1,1,0,0,1,4,13,2,3,0,0,2,3,6,2,2,6
2020-02-28,6,1,5,0,20,1,7,7,0,1,2,1,2682,0,2,3,6,1,1,0,0,1,4,13,3,3,0,0,2,3,6,2,2,6
2020-02-29,6,1,5,0,21,1,7,8,0,1,2,1,2727,0,2,3,6,1,1,0,0,1,4,13,3,3,0,0,2,3,6,2,2,6
2020-03-01,6,1,5,0,22,1,7,8,0,1,2,1,2761,0,2,3,6,1,1,0,0,1,4,13,3,3,0,0,2,3,6,2,2,6
2020-03-02,6,1,5,0,22,1,7,8,0,1,2,1,2803,0,2,3,6,1,1,0,0,1,4,13,3,3,0,0,2,3,6,2,2,6
2020-03-03,6,1,5,0,22,1,7,8,0,1,2,1,2835,0,2,3,6,1,1,1,0,1,4,13,3,3,0,0,2,3,6,2,2,6
2020-03-04,6,1,5,0,22,1,7,8,0,1,2,1,2871,0,2,3,6,1,1,1,0,1,4,13,3,3,0,0,2,3,6,2,2,6
2020-03-05,6,1,6,0,22,1,7,8,0,1,2,1,2902,0,2,3,6,1,1,1,0,1,4,13,3,3,0,0,2,3,6,2,2,6
2020-03-06,6,1,6,0,22,1,7,8,0,1,2,1,2931,0,2,3,6,1,1,1,0,1,4,13,3,3,0,0,2,3,6,2,2,6
2020-03-07,6,1,6,0,22,1,7,8,0,1,2,1,2959,0,2,3,6,1,1,1,0,1,4,13,3,3,0,0,2,3,6,2,2,6
2020-03-08,6,1,6,0,22,1,7,8,0,1,2,1,2986,0,2,3,6,1,1,1,0,1,4,13,3,3,0,0,2,3,6,2,3,6
2020-03-09,6,1,6,0,22,1,8,8,0,1,2,1,3008,0,2,3,6,1,1,1,0,1,4,13,3,3,0,0,2,3,6,2,3,6
2020-03-10,6,1,6,0,22,1,8,8,0,1,2,1,3024,0,2,3,6,1,1,1,0,1,4,13,3,3,0,0,2,3,6,2,3,6
2020-03-11,6,1,6,0,22,1,8,8,0,1,2,1,3046,0,2,3,6,1,1,1,0,1,4,13,3,3,0,0,2,3,6,2,3,6
2020-03-12,6,1,6,0,22,1,8,8,0,1,2,1,3056,0,2,3,6,1,1,1,0,2,4,13,3,3,0,0,2,3,6,2,3,6
2020-03-13,6,1,6,0,22,1,8,8,0,1,2,1,3062,0,2,3,6,1,1,1,0,2,4,13,3,3,0,0,2,3,6,2,4,7
2020-03-14,6,1,6,0,22,1,8,8,0,1,2,1,3075,0,2,3,6,1,1,1,0,2,4,13,3,3,0,0,2,3,6,2,4,7
2020-03-15,6,1,6,0,22,1,8,8,0,1,2,1,3085,0,2,3,6,1,1,1,0,2,4,13,3,3,0,0,2,3,6,2,4,7
2020-03-16,6,1,6,0,22,1,8,8,0,1,2,1,3099,0,2,3,6,1,1,1,0,2,4,13,3,3,0,0,2,3,6,2,4,7
2020-03-17,6,1,6,0,22,1,8,8,0,1,2,1,3111,0,2,3,6,1,1,1,0,3,4,13,3,3,0,0,2,3,6,2,4,7
2020-03-18,6,1,6,0,22,1,8,8,0,1,2,1,3122,0,2,3,6,1,1,1,0,3,4,13,3,3,0,0,2,3,6,2,4,7
2020-03-19,6,1,6,0,22,1,8,8,0,1,2,1,3130,0,2,3,6,1,1,1,0,3,4,13,3,3,0,0,2,3,6,2,4,7
2020-03-20,6,2,6,0,22,1,8,8,0,1,2,1,3133,0,2,3,6,2,1,1,0,3,4,13,3,3,0,0,2,3,6,2,4,7
2020-03-21,6,2,6,0,22,1,8,8,0,1,2,1,3139,0,2,3,6,2,1,1,0,3,4,13,3,3,0,0,2,3,6,2,4,7
2020-03-22,6,2,6,0,22,1,8,8,0,1,2,1,3144,0,2,3,6,2,1,1,0,3,4,13,3,3,0,0,2,4,6,2,4,7
2020-03-23,6,2,6,0,22,1,8,8,0,1,2,1,3153,0,2,3,6,2,1,1,0,3,4,13,3,3,0,0,2,4,6,2,4,7
2020-03-24,6,2,6,0,22,1,8,8,0,1,2,1,3160,0,2,3,6,2,1,1,0,3,4,13,3,3,0,0,2,4,6,2,4,7
2020-03-25,6,2,6,0,22,1,8,8,0,1,2,1,3163,0,2,3,6,2,1,1,0,3,4,13,3,3,0,0,2,5,6,2,4,7
2020-03-26,6,2,6,0,22,1,8,8,0,1,2,1,3169,0,2,3,6,2,1,1,0,3,4,13,3,3,0,0,2,5,6,2,4,7
2020-03-27,6,2,6,0,22,1,8,8,0,1,2,1,3174,0,2,3,6,2,1,1,0,3,4,13,3,3,0,0,2,5,6,2,4,7
2020-03-28,6,2,6,0,22,1,8,8,0,1,2,1,3177,0,2,3,6,2,1,1,0,3,4,13,3,3,0,0,2,5,6,2,4,7
2020-03-29,6,2,6,0,22,1,8,8,0,1,2,1,3182,0,2,3,6,2,1,1,0,3,4,13,3,3,0,0,2,5,6,2,4,7
2020-03-30,6,5,6,0,22,1,8,8,0,1,2,1,3186,0,2,3,6,2,1,1,0,3,4,13,3,3,0,0,2,5,6,2,4,7
2020-03-31,6,5,6,0,22,1,8,8,0,1,2,1,3187,0,2,3,6,2,1,1,0,3,4,13,3,3,0,0,2,5,6,2,4,7
2020-04-01,6,5,6,0,22,1,8,8,0,1,2,1,3193,0,2,3,6,2,1,1,0,3,4,13,3,3,0,0,2,6,6,2,4,7
2020-04-02,6,5,6,0,22,1,8,8,0,1,2,1,3199,0,2,3,6,2,1,1,0,3,4,13,3,3,0,0,2,6,6,2,4,7
2020-04-03,6,5,6,0,22,1,8,8,0,1,2,1,3203,0,2,3,6,2,1,1,0,3,4,13,3,3,0,0,2,6,6,2,4,7
2020-04-04,6,5,6,0,22,1,8,8,0,1,2,1,3207,0,2,3,6,2,1,1,0,3,4,13,3,3,0,0,2,6,6,2,4,7
2020-04-05,6,5,6,0,22,1,8,8,0,1,2,1,3210,0,2,3,6,2,1,1,0,3,4,13,3,3,0,0,2,6,6,2,4,7
2020-04-06,6,5,6,0,22,1,8,8,0,1,2,1,3212,0,2,3,6,2,1,1,0,3,4,13,3,3,0,0,2,6,6,2,4,7
2020-04-07,6,5,6,0,22,1,8,8,0,1,2,1,3212,0,2,3,6,2,1,1,0,3,4,13,3,3,0,0,2,6,6,2,4,7
2020-04-08,6,5,6,0,22,1,8,8,0,1,2,1,3213,0,2,3,6,2,1,1,0,3,4,13,3,3,0,0,2,7,6,2,4,7
2020-04-09,6,5,6,0,22,1,8,8,0,1,2,1,3215,0,2,3,6,2,1,1,0,3,4,13,3,3,0,0,2,7,6,2,4,7
2020-04-10,6,6,6,0,22,1,8,8,0,1,2,1,3216,0,2,3,6,2,1,1,0,3,4,13,3,3,0,0,2,7,6,2,4,7
2020-04-11,6,6,6,0,22,1,8,8,0,1,2,1,3219,0,2,3,6,2,1,1,0,3,4,13,3,3,0,0,2,7,6,2,4,7
2020-04-12,6,6,6,0,22,1,8,8,0,1,2,1,3219,0,2,3,6,2,1,1,0,3,4,13,3,3,0,0,2,7,6,2,4,7
2020-04-13,6,6,6,0,22,1,8,8,0,1,2,1,3221,0,2,3,6,2,1,1,0,3,4,13,3,3,0,0,2,7,6,2,4,7
2020-04-14,6,6,6,0,22,1,8,8,0,1,2,1,3221,0,2,3,6,2,1,1,0,3,4,13,3,3,0,0,2,7,6,2,4,7
2020-04-15,6,6,6,0,22,1,8,8,0,1,2,1,3222,0,2,3,6,2,1,1,0,3,4,13,3,3,0,0,2,7,6,2,4,7
2020-04-16,6,6,6,0,22,1,8,8,0,1,2,1,3222,0,2,3,6,2,1,1,0,3,4,13,3,3,0,0,2,7,6,2,4,7
2020-04-17,6,6,6,0,22,1,8,8,0,1,2,1,4512,0,2,3,6,2,1,1,0,3,4,13,3,3,0,0,2,7,6,2,4,7
2020-04-18,6,6,6,0,22,1,8,8,0,1,2,1,4512,0,2,3,6,2,1,1,0,3,4,13,3,3,0,0,2,7,6,2,4,7
2020-04-19,6,6,6,0,22,1,8,8,0,1,2,1,4512,0,2,3,6,2,1,1,0,3,4,13,3,3,0,0,2,7,6,2,4,7
2020-04-20,6,6,6,0,22,1,8,8,0,1,2,1,4512,0,2,3,6,2,1,1,0,3,4,13,3,3,0,0,2,7,6,2,4,7
2020-04-21,6,6,6,0,22,1,8,8,0,1,2,1,4512,0,2,3,6,2,1,1,0,3,4,13,3,3,0,0,2,7,6,2,4,7
2020-04-22,6,6,6,0,22,1,8,8,0,1,2,1,4512,0,2,3,6,2,1,1,0,3,4,13,3,3,0,0,2,7,6,2,4,7
2020-04-23,6,6,6,0,22,1,8,8,0,1,2,1,4512,0,2,3,6,2,1,1,0,3,4,13,3,3,0,0,2,7,6,2,4,7
2020-04-24,6,6,6,0,22,1,8,8,0,1,2,1,4512,0,2,3,6,2,1,1,0,3,4,13,3,3,0,0,2,7,6,2,4,7
2020-04-25,6,6,6,0,22,1,8,8,0,1,2,1,4512,0,2,3,6,2,1,1,0,3,4,13,3,3,0,0,2,7,6,2,4,7
2020-04-26,6,6,6,0,22,1,8,8,0,1,2,1,4512,0,2,3,6,2,1,1,0,3,4,13,3,3,0,0,2,7,6,2,4,7
2020-04-27,6,6,6,0,22,1,8,9,0,1,2,1,4512,0,2,3,6,2,1,1,0,3,4,13,3,3,0,0,2,7,6,2,4,7
2020-04-28,6,6,6,0,22,1,8,9,0,1,2,1,4512,0,2,3,6,2,1,1,0,3,4,13,3,3,0,0,2,7,6,2,4,7
2020-04-29,6,6,6,0,22,1,8,9,0,1,2,1,4512,0,2,3,6,2,1,1,0,3,4,13,3,3,0,0,2,7,6,2,4,7
2020-04-30,6,6,6,0,22,1,8,9,0,1,2,1,4512,0,2,3,6,2,1,1,0,3,4,13,3,3,0,0,2,7,6,2,4,7
2020-05-01,6,6,6,0,22,1,8,9,0,1,2,1,4512,0,2,3,6,2,1,1,0,3,4,13,3,3,0,0,2,7,6,2,4,7
2020-05-02,6,6,6,0,22,1,8,9,0,1,2,1,4512,0,2,3,6,2,1,1,0,3,4,13,3,3,0,0,2,7,6,2,4,7
2020-05-03,6,6,6,0,22,1,8,9,0,1,2,1,4512,0,2,3,6,2,1,1,0,3,4,13,3,3,0,0,2,7,6,2,4,7
2020-05-04,6,6,6,0,22,1,8,9,0,1,2,1,4512,0,2,3,6,2,1,1,0,3,4,13,3,3,0,0,2,7,6,2,4,7
2020-05-05,6,6,6,0,22,1,8,9,0,1,2,1,4512,0,2,3,6,2,1,1,0,3,4,13,3,3,0,0,2,7,6,2,4,7
2020-05-06,6,6,6,0,22,1,8,9,0,1,2,1,4512,0,2,3,6,2,1,1,0,3,4,13,3,3,0,0,2,7,6,2,4,7
2020-05-07,6,6,6,0,22,1,8,9,0,1,2,1,4512,0,2,3,6,2,1,1,0,3,4,13,3,3,0,0,2,7,6,2,4,7
2020-05-08,6,6,6,0,22,1,8,9,0,1,2,1,4512,0,2,3,6,2,1,1,0,3,4,13,3,3,0,0,2,7,6,2,4,7
2020-05-09,6,6,6,0,22,1,8,9,0,1,2,1,4512,0,2,3,6,2,1,1,0,3,4,13,3,3,0,0,2,7,6,2,4,7
2020-05-10,6,6,6,0,22,1,8,9,0,1,2,1,4512,0,2,3,6,2,1,1,0,3,4,13,3,3,0,0,2,7,6,2,4,7
2020-05-11,6,7,6,0,22,1,8,9,0,1,2,1,4512,0,2,3,6,2,1,1,0,3,4,13,3,3,0,0,2,7,6,2,4,7
2020-05-12,6,7,6,0,22,1,8,9,0,1,2,1,4512,0,2,3,6,2,1,1,0,3,4,13,3,3,0,0,2,7,6,2,4,7
2020-05-13,6,7,6,0,22,1,8,9,0,1,2,1,4512,0,2,3,6,2,1,1,0,3,4,13,3,3,0,0,2,7,6,2,4,7
2020-05-14,6,7,6,0,22,1,8,9,0,1,2,1,4512,0,2,3,6,2,1,1,0,3,4,13,3,3,0,0,2,7,6,2,4,7
2020-05-15,6,7,6,0,22,1,8,9,0,1,2,1,4512,0,2,3,6,2,1,1,0,3,4,13,3,3,0,0,2,7,6,2,4,7
2020-05-16,6,7,6,0,22,1,8,9,0,1,2,1,4512,0,2,3,6,2,1,1,0,3,4,13,3,3,0,0,2,7,6,2,4,7
2020-05-17,6,7,6,0,22,1,8,9,0,1,2,1,4512,0,2,3,6,2,2,1,0,3,4,13,3,3,0,0,2,7,6,2,4,7
2020-05-18,6,7,6,0,22,1,8,9,0,1,2,1,4512,0,2,3,6,2,2,1,0,3,4,13,3,3,0,0,2,7,6,2,4,7
2020-05-19,6,7,6,0,22,1,8,9,0,1,2,1,4512,0,2,3,6,2,2,1,0,3,4,13,3,3,0,0,2,7,6,2,4,7
2020-05-20,6,7,6,0,22,1,8,9,0,1,2,1,4512,0,2,3,6,2,2,1,0,3,4,13,3,3,0,0,2,7,6,2,4,7
2020-05-21,6,7,6,0,22,1,8,9,0,1,2,1,4512,0,2,3,6,2,2,1,0,3,4,13,3,3,0,0,2,7,6,2,4,7
2020-05-22,6,7,6,0,22,1,8,9,0,1,2,1,4512,0,2,3,6,2,2,1,0,3,4,13,3,3,0,0,2,7,6,2,4,7
2020-05-23,6,7,6,0,22,1,8,9,0,1,2,1,4512,0,2,3,6,2,2,1,0,3,4,13,3,3,0,0,2,7,6,2,4,7
2020-05-24,6,7,6,0,22,1,8,9,0,1,2,1,4512,0,2,3,6,2,2,1,0,3,4,13,3,3,0,0,2,7,6,2,4,7
2020-05-25,6,7,6,0,22,1,8,9,0,1,2,1,4512,0,2,3,6,2,2,1,0,3,4,13,3,3,0,0,2,7,6,2,4,7
2020-05-26,6,7,6,0,22,1,8,9,0,1,2,1,4512,0,2,3,6,2,2,1,0,3,4,13,3,3,0,0,2,7,6,2,4,7
2020-05-27,6,7,6,0,22,1,8,9,0,1,2,1,4512,0,2,3,6,2,2,1,0,3,4,13,3,3,0,0,2,7,6,2,4,7
2020-05-28,6,7,6,0,22,1,8,9,0,1,2,1,4512,0,2,3,6,2,2,1,0,3,4,13,3,3,0,0,2,7,6,2,4,7
2020-05-29,6,7,6,0,22,1,8,9,0,1,2,1,4512,0,2,3,6,2,2,1,0,3,4,13,3,3,0,0,2,7,6,2,4,7
2020-05-30,6,7,6,0,22,1,8,9,0,1,2,1,4512,0,2,3,6,2,2,1,0,3,4,13,3,3,0,0,2,7,6,2,4,7
2020-05-31,6,7,6,0,22,1,8,9,0,1,2,1,4512,0,2,3,6,2,2,1,0,3,4,13,3,3,0,0,2,7,6,2,4,7
2020-06-01,6,7,6,0,22,1,8,9,0,1,2,1,4512,0,2,3,6,2,2,1,0,3,4,13,3,3,0,0,2,7,6,2,4,7
2020-06-02,6,7,6,0,22,1,8,9,0,1,2,1,4512,0,2,3,6,2,2,1,0,3,4,13,3,3,0,0,2,7,6,2,4,7
2020-06-03,6,7,6,0,22,1,8,9,0,1,2,1,4512,0,2,3,6,2,2,1,0,3,4,13,3,3,0,0,2,7,6,2,4,7
2020-06-04,6,7,6,0,22,1,8,9,0,1,2,1,4512,0,2,3,6,2,2,1,0,3,4,13,3,3,0,0,2,7,6,2,4,7
2020-06-05,6,7,6,0,22,1,8,9,0,1,2,1,4512,0,2,3,6,2,2,1,0,3,4,13,3,3,0,0,2,7,6,2,4,7
2020-06-06,6,7,6,0,22,1,8,9,0,1,2,1,4512,0,2,3,6,2,2,1,0,3,4,13,3,3,0,0,2,7,6,2,4,7
2020-06-07,6,7,6,0,22,1,8,9,0,1,2,1,4512,0,2,3,6,2,2,1,0,3,4,13,3,3,0,0,2,7,6,2,4,7
2020-06-08,6,7,6,0,22,1,8,9,0,1,2,1,4512,0,2,3,6,2,2,1,0,3,4,13,3,3,0,0,2,7,6,2,4,7
2020-06-09,6,7,6,0,22,1,8,9,0,1,2,1,4512,0,2,3,6,2,2,1,0,3,4,13,3,3,0,0,2,7,6,2,4,7
2020-06-10,6,7,6,0,22,1,8,9,0,1,2,1,4512,0,2,3,6,2,2,1,0,3,4,13,3,3,0,0,2,7,6,2,4,7
2020-06-11,6,7,6,0,22,1,8,9,0,1,2,1,4512,0,2,3,6,2,2,1,0,3,4,13,3,3,0,0,2,7,6,2,4,7
2020-06-12,6,7,6,0,22,1,8,9,0,1,2,1,4512,0,2,3,6,2,2,1,0,3,4,13,3,3,0,0,2,7,6,2,4,7
2020-06-13,6,7,6,0,22,1,8,9,0,1,2,1,4512,0,2,3,6,2,2,1,0,3,4,13,3,3,0,0,2,7,6,2,4,7
2020-06-14,6,7,6,0,22,1,8,9,0,1,2,1,4512,0,2,3,6,2,2,1,0,3,4,13,3,3,0,0,2,7,6,2,4,7
2020-06-15,6,7,6,0,22,1,8,9,0,1,2,1,4512,0,2,3,6,2,2,1,0,3,4,13,3,3,0,0,2,7,6,2,4,7
2020-06-16,6,7,6,0,22,1,8,9,0,1,2,1,4512,0,2,3,6,2,2,1,0,3,4,13,3,3,0,0,2,7,6,2,4,7
2020-06-17,6,7,6,0,22,1,8,9,0,1,2,1,4512,0,2,3,6,2,2,1,0,3,4,13,3,3,0,0,2,7,6,2,4,7
2020-06-18,6,7,6,0,22,1,8,9,0,1,2,1,4512,0,2,3,6,2,2,1,0,3,4,13,3,3,0,0,2,7,6,2,4,7
2020-06-19,6,7,6,0,22,1,8,9,0,1,2,1,4512,0,2,3,6,2,2,1,0,3,4,13,3,3,0,0,2,7,6,2,4,7
2020-06-20,6,7,6,0,22,1,8,9,0,1,2,1,4512,0,2,3,6,2,2,1,0,3,4,13,3,3,0,0,2,7,6,2,5,7
2020-06-21,6,7,6,0,22,1,8,9,0,1,2,1,4512,0,2,3,6,2,2,1,0,3,4,13,3,3,0,0,2,7,6,2,5,7
2020-06-22,6,7,6,0,22,1,8,9,0,1,2,1,4512,0,2,3,6,2,2,1,0,3,4,13,3,3,0,0,2,7,6,2,5,7
2020-06-23,6,7,6,0,22,1,8,9,0,1,2,1,4512,0,2,3,6,2,2,1,0,3,4,13,3,3,0,0,2,7,6,2,6,7
2020-06-24,6,7,6,0,22,1,8,9,0,1,2,1,4512,0,2,3,6,2,2,1,0,3,4,13,3,3,0,0,2,7,6,2,6,7
2020-06-25,6,7,6,0,22,1,8,9,0,1,2,1,4512,0,2,3,6,2,2,1,0,3,4,13,3,3,0,0,2,7,6,2,6,7
2020-06-26,6,7,6,0,22,1,8,9,0,1,2,1,4512,0,2,3,6,2,2,1,0,3,4,13,3,3,0,0,2,7,6,2,7,7
2020-06-27,6,7,6,0,22,1,8,9,0,1,2,1,4512,0,2,3,6,2,2,1,0,3,4,13,3,3,0,0,2,7,6,2,7,7
2020-06-28,6,7,6,0,22,1,8,9,0,1,2,1,4512,0,2,3,6,2,2,1,0,3,4,13,3,3,0,0,2,7,6,2,7,7
2020-06-29,6,7,6,0,22,1,8,9,0,1,2,1,4512,0,2,3,6,2,2,1,0,3,4,13,3,3,0,0,2,7,6,2,7,7
2020-06-30,6,7,6,0,22,1,8,9,0,1,2,1,4512,0,2,3,6,2,2,1,0,3,4,13,3,3,0,0,2,7,6,2,7,7
2020-07-01,6,7,6,0,22,1,8,9,0,1,2,1,4512,0,2,3,6,2,2,1,0,3,4,13,3,3,0,0,2,7,6,2,7,7
2020-07-02,6,7,6,0,22,1,8,9,0,1,2,1,4512,0,2,3,6,2,2,1,0,3,4,13,3,3,0,0,2,7,6,2,7,7
2020-07-03,6,7,6,0,22,1,8,9,0,1,2,1,4512,0,2,3,6,2,2,1,0,3,4,13,3,3,0,0,2,7,6,2,7,7
2020-07-04,6,7,6,0,22,1,8,9,0,1,2,1,4512,0,2,3,6,2,2,1,0,3,4,13,3,3,0,0,2,7,6,2,7,7
2020-07-05,6,7,6,0,22,1,8,9,0,1,2,1,4512,0,2,3,6,2,2,1,0,3,4,13,3,3,0,0,2,7,6,2,7,7
2020-07-06,6,7,6,0,22,1,8,9,0,1,2,1,4512,0,2,3,6,2,2,1,0,3,4,13,3,3,0,0,2,7,6,2,7,7
2020-07-07,6,7,6,0,22,1,8,9,0,1,2,1,4512,0,2,3,6,2,2,1,0,3,4,13,3,3,0,0,2,7,6,2,7,7
2020-07-08,6,7,6,0,22,1,8,9,0,1,2,1,4512,0,2,3,6,2,2,1,0,3,4,13,3,3,0,0,2,7,6,2,7,7
2020-07-09,6,7,6,0,22,1,8,9,0,1,2,1,4512,0,2,3,6,2,2,1,0,3,4,13,3,3,0,0,2,7,6,2,7,7
2020-07-10,6,7,6,0,22,1,8,9,0,1,2,1,4512,0,2,3,6,2,2,1,0,3,4,13,3,3,0,0,2,7,6,2,7,7
2020-07-11,6,7,6,0,22,1,8,9,0,1,2,1,4512,0,2,3,6,2,2,1,0,3,4,13,3,3,0,0,2,7,6,2,7,7
2020-07-12,6,7,6,0,22,1,8,9,0,1,2,1,4512,0,2,3,6,2,2,1,0,3,4,13,3,3,0,0,2,7,6,2,7,7
2020-07-13,6,7,6,0,22,1,8,9,0,1,2,1,4512,0,2,3,6,2,2,1,0,3,4,13,3,3,0,0,2,7,6,2,7,7
2020-07-14,6,7,6,0,22,1,8,9,0,1,2,1,4512,0,2,3,6,2,2,1,0,3,4,13,3,3,0,0,2,7,6,2,7,7
2020-07-15,6,7,6,0,22,1,8,9,0,1,2,1,4512,0,2,3,6,2,2,1,0,3,4,13,3,3,0,0,2,7,6,2,8,7
2020-07-16,6,7,6,0,22,1,8,9,0,1,2,1,4512,0,2,3,6,2,2,1,0,3,4,13,3,3,0,0,2,7,6,2,10,7
2020-07-17,6,7,6,0,22,1,8,9,0,1,2,1,4512,0,2,3,6,2,2,1,0,3,4,13,3,3,0,0,2,7,6,2,10,7
2020-07-18,6,7,6,0,22,1,8,9,0,1,2,1,4512,0,2,3,6,2,2,1,0,3,4,13,3,3,0,0,2,7,6,2,10,7
2020-07-19,6,7,6,0,22,1,8,9,0,1,2,1,4512,0,2,3,6,2,2,1,0,3,4,13,3,3,0,0,2,7,6,2,12,7
2020-07-20,6,7,6,0,22,1,8,9,0,1,2,1,4512,0,2,3,6,2,2,1,0,3,4,13,3,3,0,0,2,7,6,2,12,7
2020-07-21,6,7,6,0,22,1,8,9,0,1,2,1,4512,0,2,3,6,2,2,1,0,3,4,13,3,3,0,0,2,7,6,2,14,7
2020-07-22,6,7,6,0,22,1,8,9,0,1,2,1,4512,0,2,3,6,2,2,1,0,3,4,13,3,3,0,0,2,7,6,2,14,7
2020-07-23,6,7,6,0,22,1,8,9,0,1,2,1,4512,0,2,3,6,2,2,1,0,3,4,13,3,3,0,0,2,7,6,2,14,7
2020-07-24,6,7,6,0,22,1,8,9,0,1,2,1,4512,0,2,3,6,2,2,1,0,3,4,13,3,3,0,0,2,7,6,2,14,7
2020-07-25,6,7,6,0,22,1,8,9,0,1,2,1,4512,0,2,3,6,2,2,1,0,3,4,13,3,3,0,0,2,7,6,2,14,7
2020-07-26,6,7,6,0,22,1,8,9,0,1,2,1,4512,0,2,3,6,2,2,1,0,3,4,13,3,3,0,0,2,7,6,2,18,7
2020-07-27,6,7,6,0,22,1,8,9,0,1,2,1,4512,0,2,3,6,2,2,1,0,3,4,13,3,3,0,0,2,7,6,2,20,7
2020-07-28,6,7,6,0,22,1,8,9,0,1,2,1,4512,0,2,3,6,2,2,1,0,3,4,13,3,3,0,0,2,7,6,2,20,7
2020-07-29,6,7,6,0,22,1,8,9,0,1,2,1,4512,0,2,3,6,2,2,1,0,3,4,13,3,3,0,0,2,7,6,2,24,7
2020-07-30,6,7,6,0,22,1,8,9,0,1,2,1,4512,0,2,3,6,2,2,1,0,3,4,13,3,3,0,0,2,7,6,2,24,7
2020-07-31,6,7,6,0,22,1,8,9,0,1,2,1,4512,0,2,3,6,2,2,1,0,3,4,13,3,3,0,0,2,7,6,2,27,7
2020-08-01,6,7,6,0,22,1,8,9,0,1,2,1,4512,0,2,3,6,2,2,1,0,3,4,13,3,3,0,0,2,7,6,2,31,7
2020-08-02,6,7,6,0,22,1,8,9,0,1,2,1,4512,0,2,3,6,2,2,1,0,3,4,13,3,3,0,0,2,7,6,2,34,7
2020-08-03,6,7,6,0,22,1,8,9,0,1,2,1,4512,0,2,3,6,2,2,1,0,3,4,13,3,3,0,0,2,7,6,2,38,7
2020-08-04,6,7,6,0,22,1,8,9,0,1,2,1,4512,0,2,3,6,2,2,1,0,3,4,13,3,3,0,0,2,7,6,2,41,7
2020-08-05,6,7,6,0,22,1,8,9,0,1,2,1,4512,0,2,3,6,2,2,1,0,3,4,13,3,3,0,0,2,7,6,2,43,7
2020-08-06,6,7,6,0,22,1,8,9,0,1,2,1,4512,0,2,3,6,2,2,1,0,3,4,13,3,3,0,0,2,7,6,2,44,7
2020-08-07,6,7,6,0,22,1,8,9,0,1,2,1,4512,0,2,3,6,2,2,1,0,3,4,13,3,3,0,0,2,7,6,2,46,7
2020-08-08,6,7,6,0,22,1,8,9,0,1,2,1,4512,0,2,3,6,2,2,1,0,3,4,13,3,3,0,0,2,7,6,2,47,7
2020-08-09,6,7,6,0,22,1,8,9,0,1,2,1,4512,0,2,3,6,2,2,1,0,3,4,13,3,3,0,0,2,7,6,2,51,7
2020-08-10,6,7,6,0,22,1,8,9,0,1,2,1,4512,0,2,3,6,2,2,1,0,3,4,13,3,3,0,0,2,7,6,2,55,7
2020-08-11,6,7,6,0,22,1,8,9,0,1,2,1,4512,0,2,3,6,2,2,1,0,3,4,13,3,3,0,0,2,7,6,2,59,7
2020-08-12,6,7,6,0,22,1,8,9,0,1,2,1,4512,0,2,3,6,2,2,1,0,3,4,13,3,3,0,0,2,7,6,2,63,7
2020-08-13,6,7,6,0,22,1,8,9,0,1,2,1,4512,0,2,3,6,2,2,1,0,3,4,13,3,3,0,0,2,7,6,2,65,7
2020-08-14,6,7,6,0,22,1,8,9,0,1,2,1,4512,0,2,3,6,2,2,1,0,3,4,13,3,3,0,0,2,7,6,2,66,7
2020-08-15,6,7,6,0,22,1,8,9,0,1,2,1,4512,0,2,3,6,2,2,1,0,3,4,13,3,3,0,0,2,7,6,2,67,7
2020-08-16,6,7,6,0,22,1,8,9,0,1,2,1,4512,0,2,3,6,2,2,1,0,3,4,13,3,3,0,0,2,7,6,2,69,7
2020-08-17,6,7,6,0,22,1,8,9,0,1,2,1,4512,0,2,3,6,2,2,1,0,3,4,13,3,3,0,0,2,7,6,2,69,7
2020-08-18,6,7,6,0,22,1,8,9,0,1,2,1,4512,0,2,3,6,2,2,1,0,3,4,13,3,3,0,0,2,7,6,2,70,7
2020-08-19,6,7,6,0,22,1,8,9,0,1,2,1,4512,0,2,3,6,2,2,1,0,3,4,13,3,3,0,0,2,7,6,2,72,7
2020-08-20,6,7,6,0,22,1,8,9,0,1,2,1,4512,0,2,3,6,2,2,1,0,3,4,13,3,3,0,0,2,7,6,2,73,7
2020-08-21,6,7,6,0,22,1,8,9,0,1,2,1,4512,0,2,3,6,2,2,1,0,3,4,13,3,3,0,0,2,7,6,2,75,7
2020-08-22,6,7,6,0,22,1,8,9,0,1,2,1,4512,0,2,3,6,2,2,1,0,3,4,13,3,3,0,0,2,7,6,2,76,7
2020-08-23,6,7,6,0,22,1,8,9,0,1,2,1,4512,0,2,3,6,2,2,1,0,3,4,13,3,3,0,0,2,7,6,2,77,7
2020-08-24,6,7,6,0,22,1,8,9,0,1,2,1,4512,0,2,3,6,2,2,1,0,3,4,13,3,3,0,0,2,7,6,2,77,7
2020-08-25,6,7,6,0,22,1,8,9,0,1,2,1,4512,0,2,3,6,2,2,1,0,3,4,13,3,3,0,0,2,7,6,2,77,7
2020-08-26,6,7,6,0,22,1,8,9,0,1,2,1,4512,0,2,3,6,2,2,1,0,3,4,13,3,3,0,0,2,7,6,2,78,7
2020-08-27,6,7,6,0,22,1,8,9,0,1,2,1,4512,0,2,3,6,2,2,1,0,3,4,13,3,3,0,0,2,7,6,2,81,7
2020-08-28,6,7,6,0,22,1,8,9,0,1,2,1,4512,0,2,3,6,2,2,1,0,3,4,13,3,3,0,0,2,7,6,2,84,7
2020-08-29,6,7,6,0,22,1,8,9,0,1,2,1,4512,0,2,3,6,2,2,1,0,3,4,13,3,3,0,0,2,7,6,2,84,7
2020-08-30,6,7,6,0,22,1,8,9,0,1,2,1,4512,0,2,3,6,2,2,1,0,3,4,13,3,3,0,0,2,7,6,2,88,7
2020-08-31,6,7,6,0,22,1,8,9,0,1,2,1,4512,0,2,3,6,2,2,1,0,3,4,13,3,3,0,0,2,7,6,2,89,7
2020-09-01,6,7,6,0,22,1,8,9,0,1,2,1,4512,0,2,3,6,2,2,1,0,3,4,13,3,3,0,0,2,7,6,2,90,7
2020-09-02,6,7,6,0,22,1,8,9,0,1,2,1,4512,0,2,3,6,2,2,1,0,3,4,13,3,3,0,0,2,7,6,2,92,7
2020-09-03,6,7,6,0,22,1,8,9,0,1,2,1,4512,0,2,3,6,2,2,1,0,3,4,13,3,3,0,0,2,7,6,2,93,7
2020-09-04,6,7,6,0,22,1,8,9,0,1,2,1,4512,0,2,3,6,2,2,1,0,3,4,13,3,3,0,0,2,7,6,2,94,7
2020-09-05,6,7,6,0,22,1,8,9,0,1,2,1,4512,0,2,3,6,2,2,1,0,3,4,13,3,3,0,0,2,7,6,2,94,7
2020-09-06,6,7,6,0,22,1,8,9,0,1,2,1,4512,0,2,3,6,2,2,1,0,3,4,13,3,3,0,0,2,7,6,2,94,7
2020-09-07,6,7,6,0,22,1,8,9,0,1,2,1,4512,0,2,3,6,2,2,1,0,3,4,13,3,3,0,0,2,7,6,2,98,7
2020-09-08,6,7,6,0,22,1,8,9,0,1,2,1,4512,0,2,3,6,2,2,1,0,3,4,13,3,3,0,0,2,7,6,2,99,7
2020-09-09,6,7,6,0,22,1,8,9,0,1,2,1,4512,0,2,3,6,2,2,1,0,3,4,13,3,3,0,0,2,7,6,2,99,7
2020-09-10,6,7,6,0,22,1,8,9,0,1,2,1,4512,0,2,3,6,2,2,1,0,3,4,13,3,3,0,0,2,7,6,2,99,7
2020-09-11,6,7,6,0,22,1,8,9,0,1,2,1,4512,0,2,3,6,2,2,1,0,3,4,13,3,3,0,0,2,7,6,2,99,7
2020-09-12,6,7,6,0,22,1,8,9,0,1,2,1,4512,0,2,3,6,2,2,1,0,3,4,13,3,3,0,0,2,7,6,2,100,7
2020-09-13,6,7,6,0,22,1,8,9,0,1,2,1,4512,0,2,3,6,2,2,1,0,3,4,13,3,3,0,0,2,7,6,2,100,7
2020-09-14,6,7,6,0,22,1,8,9,0,1,2,1,4512,0,2,3,6,2,2,1,0,3,4,13,3,3,0,0,2,7,6,2,101,7
2020-09-15,6,7,6,0,22,1,8,9,0,1,2,1,4512,0,2,3,6,2,2,1,0,3,4,13,3,3,0,0,2,7,6,2,101,7
2020-09-16,6,7,6,0,22,1,8,9,0,1,2,1,4512,0,2,3,6,2,2,1,0,3,4,13,3,3,0,0,2,7,6,2,102,7
2020-09-17,6,7,6,0,22,1,8,9,0,1,2,1,4512,0,2,3,6,2,2,1,0,3,4,13,3,3,0,0,2,7,6,2,102,7
2020-09-18,6,7,6,0,22,1,8,9,0,1,2,1,4512,0,2,3,6,2,2,1,0,3,4,13,3,3,0,0,2,7,6,2,103,7
2020-09-19,6,7,6,0,22,1,8,9,0,1,2,1,4512,0,2,3,6,2,2,1,0,3,4,13,3,3,0,0,2,7,6,2,103,7
2020-09-20,6,7,6,0,22,1,8,9,0,1,2,1,4512,0,2,3,6,2,2,1,0,3,4,13,3,3,0,0,2,7,6,2,103,7
2020-09-21,6,7,6,0,22,1,8,9,0,1,2,1,4512,0,2,3,6,2,2,1,0,3,4,13,3,3,0,0,2,7,6,2,103,7
2020-09-22,6,7,6,0,22,1,8,9,0,1,2,1,4512,0,2,3,6,2,2,1,0,3,4,13,3,3,0,0,2,7,6,2,103,7
2020-09-23,6,7,6,0,22,1,8,9,0,1,2,1,4512,0,2,3,6,2,2,1,0,3,4,13,3,3,0,0,2,7,6,2,103,7
2020-09-24,6,7,6,0,22,1,8,9,0,1,2,1,4512,0,2,3,6,2,2,1,0,3,4,13,3,3,0,0,2,7,6,2,104,7
2020-09-25,6,7,6,0,22,1,8,9,0,1,2,1,4512,0,2,3,6,2,2,1,0,3,4,13,3,3,0,0,2,7,6,2,104,7
2020-09-26,6,7,6,0,22,1,8,9,0,1,2,1,4512,0,2,3,6,2,2,1,0,3,4,13,3,3,0,0,2,7,6,2,105,7
2020-09-27,6,7,6,0,22,1,8,9,0,1,2,1,4512,0,2,3,6,2,2,1,0,3,4,13,3,3,0,0,2,7,6,2,105,7
2020-09-28,6,7,6,0,22,1,8,9,0,1,2,1,4512,0,2,3,6,2,2,1,0,3,4,13,3,3,0,0,2,7,6,2,105,7
2020-09-29,6,7,6,0,22,1,8,9,0,1,2,1,4512,0,2,3,6,2,2,1,0,3,4,13,3,3,0,0,2,7,6,2,105,7
2020-09-30,6,7,6,0,22,1,8,9,0,1,2,1,4512,0,2,3,6,2,2,1,0,3,4,13,3,3,0,0,2,7,6,2,105,7
2020-10-01,6,7,6,0,22,1,8,9,0,1,2,1,4512,0,2,3,6,2,2,1,0,3,4,13,3,3,0,0,2,7,6,2,105,7
2020-10-02,6,7,6,0,22,1,8,9,0,1,2,1,4512,0,2,3,6,2,2,1,0,3,4,13,3,3,0,0,2,7,6,2,105,7
2020-10-03,6,7,6,0,22,1,8,9,0,1,2,1,4512,0,2,3,6,2,2,1,0,3,4,13,3,3,0,0,2,7,6,2,105,7
2020-10-04,6,7,6,0,22,1,8,9,0,1,2,1,4512,0,2,3,6,2,2,1,0,3,4,13,3,3,0,0,2,7,6,2,105,7
2020-10-05,6,7,6,0,22,1,8,9,0,1,2,1,4512,0,2,3,6,2,2,1,0,3,4,13,3,3,0,0,2,7,6,2,105,7
2020-10-06,6,7,6,0,22,1,8,9,0,1,2,1,4512,0,2,3,6,2,2,1,0,3,4,13,3,3,0,0,2,7,6,2,105,7
2020-10-07,6,7,6,0,22,1,8,9,0,1,2,1,4512,0,2,3,6,2,2,1,0,3,4,13,3,3,0,0,2,7,6,2,105,7
2020-10-08,6,7,6,0,22,1,8,9,0,1,2,1,4512,0,2,3,6,2,2,1,0,3,4,13,3,3,0,0,2,7,6,2,105,7
2020-10-09,6,7,6,0,22,1,8,9,0,1,2,1,4512,0,2,3,6,2,2,1,0,3,4,13,3,3,0,0,2,7,6,2,105,7
2020-10-10,6,7,6,0,22,1,8,9,0,1,2,1,4512,0,2,3,6,2,2,1,0,3,4,13,3,3,0,0,2,7,6,2,105,7
2020-10-11,6,7,6,0,22,1,8,9,0,1,2,1,4512,0,2,3,6,2,2,1,0,3,4,13,3,3,0,0,2,7,6,2,105,7
2020-10-12,6,7,6,0,22,1,8,9,0,1,2,1,4512,0,2,3,6,2,2,1,0,3,4,13,3,3,0,0,2,7,6,2,105,7
2020-10-13,6,7,6,0,22,1,8,9,0,1,2,1,4512,0,2,3,6,2,2,1,0,3,4,13,3,3,0,0,2,7,6,2,105,7
2020-10-14,6,7,6,0,22,1,8,9,0,1,2,1,4512,0,2,3,6,2,2,1,0,3,4,13,3,3,0,0,2,7,6,2,105,7
2020-10-15,6,7,6,0,22,1,8,9,0,1,2,1,4512,0,2,3,6,2,2,1,0,3,4,13,3,3,0,0,2,7,6,2,105,7
2020-10-16,6,7,6,0,22,1,8,9,0,1,2,1,4512,0,2,3,6,2,2,1,0,3,4,13,3,3,0,0,2,7,6,2,105,7
2020-10-17,6,7,6,0,22,1,8,9,0,1,2,1,4512,0,2,3,6,2,2,1,0,3,4,13,3,3,0,0,2,7,6,2,105,7
2020-10-18,6,7,6,0,22,1,8,9,0,1,2,1,4512,0,2,3,6,2,2,1,0,3,4,13,3,3,0,0,2,7,6,2,105,7
2020-10-19,6,7,6,0,22,1,8,9,0,1,2,1,4512,0,2,3,6,2,2,1,0,3,4,13,3,3,0,0,2,7,6,2,105,7
2020-10-20,6,7,6,0,22,1,8,9,0,1,2,1,4512,0,2,3,6,2,2,1,0,3,4,13,3,3,0,0,2,7,6,2,105,7
2020-10-21,6,7,6,0,22,1,8,9,0,1,2,1,4512,0,2,3,6,2,2,1,0,3,4,13,3,3,0,0,2,7,6,2,105,7
2020-10-22,6,7,6,0,22,1,8,9,0,1,2,1,4512,0,2,3,6,2,2,1,0,3,4,13,3,3,0,0,2,7,6,2,105,7
2020-10-23,6,7,6,0,22,1,8,9,0,1,2,1,4512,0,2,3,6,2,2,1,0,3,4,13,3,3,0,0,2,7,6,2,105,7
2020-10-24,6,7,6,0,22,1,8,9,0,1,2,1,4512,0,2,3,6,2,2,1,0,3,4,13,3,3,0,0,2,7,6,2,105,7
2020-10-25,6,7,6,0,22,1,8,9,0,1,2,1,4512,0,2,3,6,2,2,1,0,3,4,13,3,3,0,0,2,7,6,2,105,7
2020-10-26,6,7,6,0,22,1,8,9,0,1,2,1,4512,0,2,3,6,2,2,1,0,3,4,13,3,3,0,0,2,7,6,2,105,7
2020-10-27,6,7,6,0,22,1,8,9,0,1,2,1,4512,0,2,3,6,2,2,1,0,3,4,13,3,3,0,0,2,7,6,2,105,7
2020-10-28,6,7,6,0,22,1,8,9,0,1,2,1,4512,0,2,3,6,2,2,1,0,3,4,13,3,3,0,0,2,7,6,2,105,7
2020-10-29,6,7,6,0,22,1,8,9,0,1,2,1,4512,0,2,3,6,2,2,1,0,3,4,13,3,3,0,0,2,7,6,2,105,7
2020-10-30,6,7,6,0,22,1,8,9,0,1,2,1,4512,0,2,3,6,2,2,1,0,3,4,13,3,3,0,0,2,7,6,2,105,7
2020-10-31,6,7,6,0,22,1,8,9,0,1,2,1,4512,0,2,3,6,2,2,1,0,3,4,13,3,3,0,0,2,7,6,2,105,7
2020-11-01,6,7,6,0,22,1,8,9,0,1,2,1,4512,0,2,3,6,2,2,1,0,3,4,13,3,3,0,0,2,7,6,2,105,7
2020-11-02,6,7,6,0,22,1,8,9,0,1,2,1,4512,0,2,3,6,2,2,1,0,3,4,13,3,3,0,0,2,7,6,2,105,7
2020-11-03,6,7,6,0,22,1,8,9,0,1,2,1,4512,0,2,3,6,2,2,1,0,3,4,13,3,3,0,0,2,7,6,2,105,7
2020-11-04,6,7,6,0,22,1,8,9,0,1,2,1,4512,0,2,3,6,2,2,1,0,3,4,13,3,3,0,0,2,7,6,2,105,7
2020-11-05,6,7,6,0,22,1,8,9,0,1,2,1,4512,0,2,3,6,2,2,1,0,3,4,13,3,3,0,0,2,7,6,2,106,7
2020-11-06,6,7,6,0,22,1,8,9,0,1,2,1,4512,0,2,3,6,2,2,1,0,3,4,13,3,3,0,0,2,7,6,2,107,7
2020-11-07,6,7,6,0,22,1,8,9,0,1,2,1,4512,0,2,3,6,2,2,1,0,3,4,13,3,3,0,0,2,7,6,2,107,7
2020-11-08,6,7,6,0,22,1,8,9,0,1,2,1,4512,0,2,3,6,2,2,1,0,3,4,13,3,3,0,0,2,7,6,2,107,7
2020-11-09,6,7,6,0,22,1,8,9,0,1,2,1,4512,0,2,3,6,2,2,1,0,3,4,13,3,3,0,0,2,7,6,2,107,7
2020-11-10,6,7,6,0,22,1,8,9,0,1,2,1,4512,0,2,3,6,2,2,1,0,3,4,13,3,3,0,0,2,7,6,2,108,7
2020-11-11,6,7,6,0,22,1,8,9,0,1,2,1,4512,0,2,3,6,2,2,1,0,3,4,13,3,3,0,0,2,7,6,2,108,7
2020-11-12,6,7,6,0,22,1,8,9,0,1,2,1,4512,0,2,3,6,2,2,1,0,3,4,13,3,3,0,0,2,7,6,2,108,7
2020-11-13,6,7,6,0,22,1,8,9,0,1,2,1,4512,0,2,3,6,2,2,1,0,3,4,13,3,3,0,0,2,7,6,2,108,7
2020-11-14,6,7,6,0,22,1,8,9,0,1,2,1,4512,0,2,3,6,2,2,1,0,3,4,13,3,3,0,0,2,7,6,2,108,7
2020-11-15,6,7,6,0,22,1,8,9,0,1,2,1,4512,0,2,3,6,2,2,1,0,3,4,13,3,3,0,0,2,7,6,2,108,7
2020-11-16,6,7,6,0,22,1,8,9,0,1,2,1,4512,0,2,3,6,2,2,1,0,3,4,13,3,3,0,0,2,7,6,2,108,7
2020-11-17,6,7,6,0,22,1,8,9,0,1,2,1,4512,0,2,3,6,2,2,1,0,3,4,13,3,3,0,0,2,7,6,2,108,7
2020-11-18,6,7,6,0,22,1,8,9,0,1,2,1,4512,0,2,3,6,2,2,1,0,3,4,13,3,3,0,0,2,7,6,2,108,7
2020-11-19,6,7,6,0,22,1,8,9,0,1,2,1,4512,0,2,3,6,2,2,1,0,3,4,13,3,3,0,0,2,7,6,2,108,7
2020-11-20,6,7,6,0,22,1,8,9,0,1,2,1,4512,0,2,3,6,2,2,1,0,3,4,13,3,3,0,0,2,7,6,2,108,7
2020-11-21,6,7,6,0,22,1,8,9,0,1,2,1,4512,0,2,3,6,2,2,1,0,3,4,13,3,3,0,0,2,7,6,2,108,7
2020-11-22,6,7,6,0,22,1,8,9,0,1,2,1,4512,0,2,3,6,2,2,1,0,3,4,13,3,3,0,0,2,7,6,2,108,7
2020-11-23,6,7,6,0,22,1,8,9,0,1,2,1,4512,0,2,3,6,2,2,1,0,3,4,13,3,3,0,0,2,7,6,2,108,7
2020-11-24,6,7,6,0,22,1,8,9,0,1,2,1,4512,0,2,3,6,2,2,1,0,3,4,13,3,3,0,0,2,7,6,2,108,7
2020-11-25,6,7,6,0,22,1,8,9,0,1,2,1,4512,0,2,3,6,2,2,1,0,3,4,13,3,3,0,0,2,7,6,2,108,7
2020-11-26,6,7,6,0,22,1,8,9,0,1,2,1,4512,0,2,3,6,2,2,1,0,3,4,13,3,3,0,0,2,7,6,2,108,7
2020-11-27,6,7,6,0,22,1,8,9,0,1,2,1,4512,0,2,3,6,2,2,1,0,3,4,13,3,3,0,0,2,7,6,2,108,7
2020-11-28,6,7,6,0,22,1,8,9,0,1,2,1,4512,0,2,3,6,2,2,1,0,3,4,13,3,3,0,0,2,7,6,2,108,7
2020-11-29,6,7,6,0,22,1,8,9,0,1,2,1,4512,0,2,3,6,2,2,1,0,3,4,13,3,3,0,0,2,7,6,2,109,7
2020-11-30,6,7,6,0,22,1,8,9,0,1,2,1,4512,0,2,3,6,2,2,1,0,3,4,13,3,3,0,0,2,7,6,2,109,7
2020-12-01,6,7,6,0,22,1,8,9,0,1,2,1,4512,0,2,3,6,2,2,1,0,3,4,13,3,3,0,0,2,7,6,2,109,7
2020-12-02,6,7,6,0,22,1,8,9,0,1,2,1,4512,0,2,3,6,2,2,1,0,3,4,13,3,3,0,0,2,7,6,2,110,7
2020-12-03,6,7,6,0,22,1,8,9,0,1,2,1,4512,0,2,3,6,2,2,1,0,3,4,13,3,3,0,0,2,7,6,2,110,7
2020-12-04,6,7,6,0,22,1,8,9,0,1,2,1,4512,0,2,3,6,2,2,1,0,3,4,13,3,3,0,0,2,7,6,2,112,7
2020-12-05,6,7,6,0,22,1,8,9,0,1,2,1,4512,0,2,3,6,2,2,1,0,3,4,13,3,3,0,0,2,7,6,2,112,7
2020-12-06,6,7,6,0,22,1,8,9,0,1,2,1,4512,0,2,3,6,2,2,1,0,3,4,13,3,3,0,0,2,7,6,2,112,7
2020-12-07,6,7,6,0,22,1,8,9,0,1,2,1,4512,0,2,3,6,2,2,1,0,3,4,13,3,3,0,0,2,7,6,2,112,7
2020-12-08,6,7,6,0,22,1,8,9,0,1,2,1,4512,0,2,3,6,2,2,1,0,3,4,13,3,3,0,0,2,7,6,2,112,7
2020-12-09,6,7,6,0,22,1,8,9,0,1,2,1,4512,0,2,3,6,2,2,1,0,3,4,13,3,3,0,0,2,7,6,2,113,7
2020-12-10,6,7,6,0,22,1,8,9,0,1,2,1,4512,0,2,3,6,2,2,1,0,3,4,13,3,3,0,0,2,7,6,2,114,7
2020-12-11,6,7,6,0,22,1,8,9,0,1,2,1,4512,0,2,3,6,2,2,1,0,3,4,13,3,3,0,0,2,7,6,2,114,7
2020-12-12,6,7,6,0,22,1,8,9,0,1,2,1,4512,0,2,3,6,2,2,1,0,3,4,13,3,3,0,0,2,7,6,2,114,7
2020-12-13,6,7,6,0,22,1,8,9,0,1,2,1,4512,0,2,3,6,2,2,1,0,3,4,13,3,3,0,0,2,7,6,2,116,7
2020-12-14,6,7,6,0,22,1,8,9,0,1,2,1,4512,0,2,3,6,2,2,1,0,3,4,13,3,3,0,0,2,7,6,2,118,7
2020-12-15,6,7,6,0,22,1,8,9,0,1,2,1,4512,0,2,3,6,2,2,1,0,3,4,13,3,3,0,0,2,7,6,2,122,7
2020-12-16,6,7,6,0,22,1,8,9,0,1,2,1,4512,0,2,3,6,2,2,1,0,3,4,13,3,3,0,0,2,7,6,2,123,7
2020-12-17,6,7,6,0,22,1,8,9,0,1,2,1,4512,0,2,3,6,2,2,1,0,3,4,13,3,3,0,0,2,7,6,2,124,7
2020-12-18,6,7,6,0,22,1,8,9,0,1,2,1,4512,0,2,3,6,2,2,1,0,3,4,13,3,3,0,0,2,7,6,2,128,7
2020-12-19,6,7,6,0,22,1,8,9,0,1,2,1,4512,0,2,3,6,2,2,1,0,3,4,13,3,3,0,0,2,7,6,2,129,7
2020-12-20,6,7,6,0,22,1,8,9,0,1,2,1,4512,0,2,3,6,2,2,1,0,3,4,13,3,3,0,0,2,7,6,2,129,7
2020-12-21,6,7,6,0,22,1,8,9,0,1,2,1,4512,0,2,3,6,2,2,1,0,3,4,13,3,3,0,0,2,7,6,2,130,7
2020-12-22,6,7,6,0,22,1,8,9,0,1,2,1,4512,0,2,3,6,2,2,1,0,3,4,13,3,3,0,0,2,7,6,2,132,7
2020-12-23,6,7,6,0,22,1,8,9,0,1,2,1,4512,0,2,3,6,2,2,1,0,3,4,13,3,3,0,0,2,7,6,2,133,7
2020-12-24,6,7,6,0,22,1,8,9,0,1,2,1,4512,0,2,3,6,2,2,1,0,3,4,13,3,3,0,0,2,7,6,2,133,7
2020-12-25,6,7,6,0,22,1,8,9,0,1,2,1,4512,0,2,3,6,2,2,1,0,3,4,13,3,3,0,0,2,7,6,2,135,7
2020-12-26,6,7,6,0,22,1,8,9,0,1,2,1,4512,0,2,3,6,2,2,1,0,3,4,13,3,3,0,0,2,7,6,2,136,7
2020-12-27,6,7,6,0,22,1,8,9,0,1,2,1,4512,0,2,3,6,2,2,1,0,3,4,13,3,3,0,0,2,7,6,2,136,7
2020-12-28,6,7,6,0,22,1,8,9,0,1,2,1,4512,0,2,3,6,2,2,1,0,3,4,13,3,3,0,0,2,7,6,2,139,7
2020-12-29,6,7,6,0,22,1,8,9,0,1,2,1,4512,0,2,3,6,2,2,1,0,3,4,13,3,3,0,0,2,7,6,2,143,7
2020-12-30,6,7,6,0,22,1,8,9,0,1,2,1,4512,0,2,3,6,2,2,1,0,3,4,13,3,3,0,0,2,7,6,2,147,7
2020-12-31,6,7,6,0,22,1,8,9,0,1,2,1,4512,0,2,3,6,2,2,1,0,3,4,13,3,3,0,0,2,7,6,2,148,7
2021-01-01,6,7,6,0,22,1,8,9,0,1,2,1,4512,0,2,3,6,2,2,1,0,3,4,13,3,3,0,0,2,7,6,2,148,7
2021-01-02,6,7,6,0,22,1,8,9,0,1,2,1,4512,0,2,3,6,2,2,1,0,3,4,13,3,3,0,0,2,7,6,2,150,7
2021-01-03,6,7,6,0,22,1,8,9,0,1,2,1,4512,0,2,3,6,2,2,1,0,3,4,13,3,3,0,0,2,7,6,2,150,7
2021-01-04,6,7,6,0,22,1,8,9,0,1,2,1,4512,0,2,3,6,2,2,1,0,3,4,13,3,3,0,0,2,7,6,2,151,7
2021-01-05,6,7,6,0,22,1,8,9,0,1,2,1,4512,0,2,3,6,2,2,1,0,3,4,13,3,3,0,0,2,7,6,2,153,7
2021-01-06,6,7,6,0,22,1,8,9,0,1,2,1,4512,0,2,3,6,2,2,1,0,3,4,13,3,3,0,0,2,7,6,2,154,7
2021-01-07,6,7,6,0,22,1,8,9,0,1,2,1,4512,0,2,3,6,2,2,1,0,3,4,13,3,3,0,0,2,7,6,2,154,7
2021-01-08,6,7,6,0,22,1,8,9,0,1,2,1,4512,0,2,3,6,2,2,1,0,3,4,13,3,3,0,0,2,7,6,2,154,7
2021-01-09,6,7,6,0,22,1,8,9,0,1,2,1,4512,0,2,3,6,2,2,1,0,3,4,13,3,3,0,0,2,7,6,2,157,7
2021-01-10,6,7,6,0,22,1,8,9,0,1,2,1,4512,0,2,3,6,2,2,1,0,3,4,13,3,3,0,0,2,7,6,2,158,7
2021-01-11,6,7,6,0,22,1,8,9,0,1,2,1,4512,0,2,3,6,2,2,1,0,3,4,13,3,3,0,0,2,7,6,2,158,7
2021-01-12,6,7,6,0,22,1,8,9,0,1,2,1,4512,0,2,3,6,2,2,1,0,3,4,13,3,3,0,0,2,7,6,2,159,7
2021-01-13,6,7,6,0,22,1,8,9,0,1,2,1,4512,0,2,3,6,2,2,1,0,3,4,13,3,3,0,0,2,7,6,2,161,7
2021-01-14,6,7,6,0,22,1,8,9,0,1,2,1,4512,0,2,3,6,2,2,1,0,3,4,13,3,3,0,0,2,7,7,2,161,7
2021-01-15,6,7,6,0,22,1,8,9,0,1,2,1,4512,0,2,3,6,2,2,1,0,3,4,13,3,3,0,0,2,7,7,2,161,7
2021-01-16,6,7,6,0,22,1,8,9,0,1,2,1,4512,0,2,3,6,2,2,1,0,3,4,13,3,3,0,0,2,7,7,2,162,7
2021-01-17,6,7,6,0,22,1,8,9,0,1,2,1,4512,0,2,3,6,2,2,1,0,3,4,13,3,3,0,0,2,7,7,2,162,7
2021-01-18,6,7,6,0,22,1,8,9,0,1,2,1,4512,0,2,3,6,2,2,1,0,3,4,13,3,3,0,0,2,7,7,2,163,7
2021-01-19,6,7,6,0,22,1,8,9,0,1,2,1,4512,0,2,3,6,2,2,1,0,3,4,13,3,3,0,0,2,7,7,2,164,7
2021-01-20,6,7,6,0,22,1,8,9,0,1,2,1,4512,0,2,3,6,2,2,1,0,3,4,13,3,3,0,0,2,7,7,2,166,7
2021-01-21,6,7,6,0,22,1,8,9,0,1,2,1,4512,0,2,3,6,2,2,1,0,3,4,13,3,3,0,0,2,7,7,2,167,7
2021-01-22,6,7,6,0,22,1,8,9,0,1,2,1,4512,0,2,3,6,2,2,1,0,3,4,13,3,3,0,0,2,7,7,2,168,7
