updateTime,吉林,青海,四川,辽宁,台湾,甘肃,江苏,北京,湖南,重庆,宁夏,黑龙江,安徽,香港,贵州,天津,福建,浙江,河北,山西,云南,广西,河南,内蒙古,新疆,江西,澳门,上海,广东,陕西,海南,西藏,山东,湖北
2020-01-22,0.0,0,5.0,2.0,1.0,0,0,10.0,4.0,6.0,1.0,0.0,1.0,0.0,1.0,4.0,1.0,10.0,1.0,1.0,1.0,2.0,5.0,0,0,2.0,1.0,9.0,26.0,0,4.0,0,2.0,444.0
2020-01-23,1.0,0,8.0,3.0,1.0,2.0,5.0,22.0,9.0,9.0,1.0,2.0,9.0,2.0,3.0,4.0,5.0,27.0,1.0,1.0,1.0,5.0,5.0,0.0,2.0,3.0,2.0,16.0,32.0,3.0,5.0,0,6.0,444.0
2020-01-24,3.0,0.0,15.0,4.0,1.0,2.0,9.0,36.0,24.0,27.0,2.0,4.0,15.0,2.0,3.0,8.0,10.0,43.0,2.0,1.0,5.0,13.0,9.0,2.0,2.0,7.0,2.0,20.0,53.0,5.0,8.0,0,15.0,549.0
2020-01-25,4.0,1.0,28.0,16.0,3.0,4.0,18.0,41.0,43.0,57.0,3.0,9.0,39.0,5.0,4.0,10.0,18.0,62.0,8.0,6.0,11.0,23.0,32.0,7.0,3.0,18.0,2.0,33.0,78.0,15.0,19.0,0,27.0,730.0
2020-01-26,4.0,1.0,44.0,21.0,4.0,7.0,33.0,68.0,69.0,75.0,4.0,15.0,60.0,5.0,5.0,14.0,35.0,104.0,13.0,9.0,16.0,36.0,83.0,7.0,4.0,36.0,5.0,40.0,111.0,22.0,22.0,0,46.0,1058.0
2020-01-27,6.0,6.0,69.0,27.0,5.0,14.0,47.0,80.0,100.0,110.0,7.0,21.0,70.0,8.0,7.0,22.0,59.0,128.0,18.0,13.0,26.0,46.0,128.0,11.0,5.0,48.0,6.0,53.0,151.0,35.0,33.0,0,75.0,1423.0
2020-01-28,8.0,6.0,90.0,34.0,8.0,19.0,70.0,91.0,143.0,132.0,11.0,30.0,106.0,8.0,9.0,24.0,80.0,173.0,33.0,20.0,44.0,51.0,168.0,15.0,10.0,72.0,7.0,66.0,207.0,46.0,40.0,0,95.0,2714.0
2020-01-29,9.0,6.0,108.0,39.0,8.0,24.0,99.0,111.0,221.0,147.0,12.0,38.0,152.0,10.0,9.0,27.0,84.0,296.0,48.0,27.0,55.0,58.0,206.0,16.0,13.0,109.0,7.0,96.0,277.0,56.0,43.0,0.0,130.0,3554.0
2020-01-30,14.0,8.0,142.0,41.0,9.0,26.0,129.0,114.0,277.0,182.0,17.0,44.0,200.0,10.0,12.0,31.0,101.0,428.0,65.0,35.0,70.0,78.0,278.0,18.0,14.0,162.0,7.0,112.0,354.0,63.0,46.0,1.0,158.0,4903.0
2020-01-31,14.0,8.0,177.0,48.0,10.0,29.0,168.0,139.0,332.0,211.0,21.0,59.0,237.0,12.0,29.0,32.0,120.0,538.0,82.0,39.0,83.0,87.0,352.0,20.0,17.0,240.0,7.0,135.0,436.0,87.0,52.0,1.0,184.0,5806.0
2020-02-01,17.0,9.0,207.0,64.0,10.0,40.0,202.0,168.0,389.0,247.0,26.0,80.0,297.0,13.0,29.0,41.0,144.0,599.0,96.0,47.0,93.0,100.0,422.0,23.0,18.0,286.0,7.0,169.0,535.0,101.0,62.0,1.0,206.0,7153.0
2020-02-02,23.0,11.0,231.0,70.0,10.0,40.0,236.0,191.0,463.0,275.0,28.0,95.0,340.0,14.0,38.0,48.0,159.0,661.0,104.0,56.0,105.0,111.0,493.0,27.0,21.0,333.0,8.0,182.0,632.0,116.0,64.0,1.0,230.0,9074.0
2020-02-03,31.0,13.0,254.0,74.0,10.0,51.0,271.0,212.0,521.0,312.0,31.0,121.0,408.0,15.0,46.0,60.0,179.0,724.0,113.0,66.0,114.0,127.0,566.0,34.0,24.0,391.0,8.0,203.0,725.0,128.0,72.0,1.0,259.0,11177.0
2020-02-04,42.0,15.0,282.0,81.0,11.0,57.0,308.0,228.0,593.0,344.0,34.0,155.0,480.0,17.0,58.0,67.0,194.0,829.0,126.0,74.0,119.0,139.0,675.0,35.0,29.0,476.0,10.0,219.0,813.0,142.0,80.0,1.0,275.0,13522.0
2020-02-05,54.0,17.0,301.0,89.0,11.0,57.0,341.0,253.0,661.0,376.0,34.0,190.0,530.0,21.0,64.0,69.0,205.0,895.0,135.0,81.0,124.0,150.0,764.0,42.0,32.0,548.0,10.0,243.0,895.0,165.0,91.0,1.0,307.0,16678.0
2020-02-06,59.0,18.0,321.0,94.0,16.0,62.0,373.0,274.0,711.0,400.0,40.0,227.0,591.0,24.0,71.0,78.0,215.0,954.0,157.0,90.0,133.0,168.0,851.0,46.0,36.0,600.0,10.0,257.0,970.0,173.0,106.0,1.0,347.0,19665.0
2020-02-07,65.0,18.0,344.0,99.0,16.0,67.0,408.0,297.0,772.0,415.0,43.0,277.0,665.0,25.0,81.0,81.0,224.0,1006.0,172.0,96.0,136.0,172.0,914.0,50.0,39.0,661.0,10.0,277.0,1034.0,184.0,117.0,1.0,386.0,22112.0
2020-02-08,69.0,18.0,364.0,105.0,17.0,79.0,439.0,315.0,803.0,428.0,45.0,295.0,733.0,26.0,89.0,88.0,239.0,1048.0,195.0,104.0,138.0,183.0,981.0,52.0,42.0,698.0,10.0,286.0,1095.0,195.0,124.0,1.0,416.0,24953.0
2020-02-09,78.0,18.0,386.0,107.0,18.0,79.0,468.0,326.0,838.0,450.0,45.0,307.0,779.0,29.0,99.0,90.0,250.0,1075.0,206.0,115.0,141.0,195.0,1033.0,54.0,45.0,740.0,10.0,293.0,1131.0,208.0,131.0,1.0,444.0,27100.0
2020-02-10,80.0,18.0,405.0,108.0,18.0,83.0,492.0,337.0,879.0,473.0,49.0,331.0,830.0,38.0,109.0,95.0,261.0,1092.0,218.0,119.0,149.0,210.0,1073.0,58.0,49.0,771.0,10.0,299.0,1159.0,213.0,138.0,1.0,466.0,29631.0
2020-02-11,81.0,18.0,417.0,111.0,18.0,86.0,515.0,342.0,912.0,489.0,53.0,360.0,860.0,49.0,127.0,105.0,267.0,1117.0,239.0,122.0,153.0,215.0,1105.0,58.0,55.0,804.0,10.0,303.0,1177.0,219.0,144.0,1.0,487.0,31728.0
2020-02-12,83.0,18.0,436.0,116.0,18.0,86.0,543.0,352.0,946.0,509.0,58.0,378.0,889.0,50.0,133.0,112.0,272.0,1131.0,251.0,124.0,154.0,222.0,1135.0,60.0,59.0,844.0,10.0,311.0,1219.0,225.0,157.0,1.0,497.0,33366.0
2020-02-13,84.0,18.0,451.0,117.0,18.0,90.0,570.0,366.0,968.0,525.0,64.0,395.0,910.0,53.0,135.0,117.0,279.0,1145.0,265.0,126.0,156.0,222.0,1169.0,61.0,63.0,872.0,10.0,315.0,1241.0,229.0,157.0,1.0,509.0,48206.0
2020-02-14,86.0,18.0,463.0,119.0,18.0,90.0,593.0,372.0,988.0,532.0,67.0,419.0,934.0,56.0,140.0,120.0,281.0,1155.0,283.0,126.0,162.0,226.0,1184.0,65.0,65.0,900.0,10.0,318.0,1261.0,230.0,159.0,1.0,523.0,51986.0
2020-02-15,88.0,18.0,470.0,119.0,18.0,90.0,604.0,375.0,1001.0,538.0,70.0,425.0,950.0,56.0,143.0,122.0,285.0,1162.0,291.0,127.0,168.0,235.0,1212.0,68.0,70.0,913.0,10.0,326.0,1294.0,232.0,162.0,1.0,532.0,54406.0
2020-02-16,89.0,18.0,481.0,121.0,20.0,90.0,617.0,380.0,1004.0,547.0,70.0,445.0,962.0,57.0,144.0,124.0,287.0,1167.0,300.0,128.0,171.0,237.0,1231.0,70.0,71.0,925.0,10.0,328.0,1316.0,236.0,162.0,1.0,537.0,56249.0
2020-02-17,89.0,18.0,495.0,121.0,22.0,91.0,626.0,381.0,1006.0,552.0,70.0,457.0,973.0,58.0,146.0,125.0,290.0,1171.0,301.0,129.0,171.0,238.0,1246.0,72.0,75.0,930.0,10.0,332.0,1322.0,240.0,163.0,1.0,541.0,58182.0
2020-02-18,89.0,18.0,508.0,121.0,22.0,91.0,629.0,387.0,1007.0,553.0,70.0,464.0,982.0,62.0,146.0,128.0,292.0,1172.0,302.0,130.0,172.0,242.0,1257.0,73.0,76.0,933.0,10.0,333.0,1328.0,240.0,163.0,1.0,543.0,59989.0
2020-02-19,90.0,18.0,514.0,121.0,23.0,91.0,631.0,393.0,1008.0,555.0,71.0,470.0,986.0,63.0,146.0,130.0,293.0,1174.0,306.0,131.0,173.0,244.0,1262.0,75.0,76.0,934.0,10.0,333.0,1331.0,242.0,163.0,1.0,544.0,61682.0
2020-02-20,91.0,18.0,520.0,121.0,24.0,91.0,631.0,395.0,1010.0,560.0,71.0,476.0,987.0,67.0,146.0,131.0,293.0,1175.0,307.0,131.0,173.0,245.0,1265.0,75.0,76.0,934.0,10.0,334.0,1332.0,245.0,168.0,1.0,546.0,62031.0
2020-02-21,91.0,18.0,525.0,121.0,26.0,91.0,631.0,396.0,1011.0,567.0,71.0,479.0,988.0,68.0,146.0,132.0,293.0,1203.0,308.0,132.0,174.0,246.0,1267.0,75.0,76.0,934.0,10.0,334.0,1333.0,245.0,168.0,1.0,749.0,62662.0
2020-02-22,91.0,18.0,526.0,121.0,26.0,91.0,631.0,399.0,1013.0,572.0,71.0,479.0,989.0,69.0,146.0,135.0,293.0,1205.0,309.0,132.0,174.0,249.0,1270.0,75.0,76.0,934.0,10.0,335.0,1339.0,245.0,168.0,1.0,750.0,63454.0
2020-02-23,91.0,18.0,526.0,121.0,28.0,91.0,631.0,399.0,1016.0,573.0,71.0,480.0,989.0,74.0,146.0,135.0,293.0,1205.0,311.0,132.0,174.0,249.0,1271.0,75.0,76.0,934.0,10.0,335.0,1342.0,245.0,168.0,1.0,754.0,64084.0
2020-02-24,93.0,18.0,527.0,121.0,30.0,91.0,631.0,399.0,1016.0,575.0,71.0,480.0,989.0,79.0,146.0,135.0,293.0,1205.0,311.0,132.0,174.0,251.0,1271.0,75.0,76.0,934.0,10.0,335.0,1345.0,245.0,168.0,1.0,755.0,64287.0
2020-02-25,93.0,18.0,529.0,121.0,31.0,91.0,631.0,400.0,1016.0,576.0,71.0,480.0,989.0,84.0,146.0,135.0,294.0,1205.0,311.0,133.0,174.0,252.0,1271.0,75.0,76.0,934.0,10.0,336.0,1347.0,245.0,168.0,1.0,756.0,64786.0
2020-02-26,93.0,18.0,531.0,121.0,32.0,91.0,631.0,400.0,1016.0,576.0,71.0,480.0,989.0,89.0,146.0,135.0,294.0,1205.0,312.0,133.0,174.0,252.0,1271.0,75.0,76.0,934.0,10.0,336.0,1347.0,245.0,168.0,1.0,756.0,65187.0
2020-02-27,93.0,18.0,534.0,121.0,32.0,91.0,631.0,410.0,1017.0,576.0,72.0,480.0,989.0,92.0,146.0,135.0,296.0,1205.0,317.0,133.0,174.0,252.0,1272.0,75.0,76.0,934.0,10.0,337.0,1347.0,245.0,168.0,1.0,756.0,65596.0
2020-02-28,93.0,18.0,538.0,121.0,34.0,91.0,631.0,410.0,1017.0,576.0,72.0,480.0,990.0,94.0,146.0,136.0,296.0,1205.0,318.0,133.0,174.0,252.0,1272.0,75.0,76.0,935.0,10.0,337.0,1348.0,245.0,168.0,1.0,756.0,65914.0
2020-02-29,93.0,18.0,538.0,121.0,39.0,91.0,631.0,411.0,1018.0,576.0,73.0,480.0,990.0,94.0,146.0,136.0,296.0,1205.0,318.0,133.0,174.0,252.0,1272.0,75.0,76.0,935.0,10.0,337.0,1349.0,245.0,168.0,1.0,756.0,66337.0
2020-03-01,93.0,18.0,538.0,122.0,40.0,91.0,631.0,413.0,1018.0,576.0,73.0,480.0,990.0,96.0,146.0,136.0,296.0,1205.0,318.0,133.0,174.0,252.0,1272.0,75.0,76.0,935.0,10.0,337.0,1349.0,245.0,168.0,1.0,758.0,66907.0
2020-03-02,93.0,18.0,538.0,122.0,41.0,91.0,631.0,414.0,1018.0,576.0,74.0,480.0,990.0,98.0,146.0,136.0,296.0,1206.0,318.0,133.0,174.0,252.0,1272.0,75.0,76.0,935.0,10.0,337.0,1350.0,245.0,168.0,1.0,758.0,67103.0
2020-03-03,93.0,18.0,538.0,125.0,42.0,91.0,631.0,414.0,1018.0,576.0,74.0,480.0,990.0,100.0,146.0,136.0,296.0,1213.0,318.0,133.0,174.0,252.0,1272.0,75.0,76.0,935.0,10.0,338.0,1350.0,245.0,168.0,1.0,758.0,67217.0
2020-03-04,93.0,18.0,538.0,125.0,42.0,91.0,631.0,417.0,1018.0,576.0,75.0,480.0,990.0,102.0,146.0,136.0,296.0,1213.0,318.0,133.0,174.0,252.0,1272.0,75.0,76.0,935.0,10.0,338.0,1350.0,245.0,168.0,1.0,758.0,67332.0
2020-03-05,93.0,18.0,539.0,125.0,44.0,102.0,631.0,418.0,1018.0,576.0,75.0,481.0,990.0,105.0,146.0,136.0,296.0,1215.0,318.0,133.0,174.0,252.0,1272.0,75.0,76.0,935.0,10.0,339.0,1351.0,245.0,168.0,1.0,758.0,67466.0
2020-03-06,93.0,18.0,539.0,125.0,45.0,119.0,631.0,422.0,1018.0,576.0,75.0,481.0,990.0,106.0,146.0,136.0,296.0,1215.0,318.0,133.0,174.0,252.0,1272.0,75.0,76.0,935.0,10.0,342.0,1352.0,245.0,168.0,1.0,758.0,67592.0
2020-03-07,93.0,18.0,539.0,125.0,45.0,120.0,631.0,426.0,1018.0,576.0,75.0,481.0,990.0,108.0,146.0,136.0,296.0,1215.0,318.0,133.0,174.0,252.0,1272.0,75.0,76.0,935.0,10.0,342.0,1352.0,245.0,168.0,1.0,758.0,67666.0
2020-03-08,93.0,18.0,539.0,125.0,45.0,124.0,631.0,428.0,1018.0,576.0,75.0,481.0,990.0,114.0,146.0,136.0,296.0,1215.0,318.0,133.0,174.0,252.0,1272.0,75.0,76.0,935.0,10.0,342.0,1352.0,245.0,168.0,1.0,758.0,67707.0
2020-03-09,93.0,18.0,539.0,125.0,45.0,124.0,631.0,428.0,1018.0,576.0,75.0,481.0,990.0,115.0,146.0,136.0,296.0,1215.0,318.0,133.0,174.0,252.0,1272.0,75.0,76.0,935.0,10.0,342.0,1352.0,245.0,168.0,1.0,758.0,67743.0
2020-03-10,93.0,18.0,539.0,125.0,47.0,125.0,631.0,429.0,1018.0,576.0,75.0,481.0,990.0,118.0,146.0,136.0,296.0,1215.0,318.0,133.0,174.0,252.0,1272.0,75.0,76.0,935.0,10.0,344.0,1353.0,245.0,168.0,1.0,758.0,67760.0
2020-03-11,93.0,18.0,539.0,125.0,48.0,127.0,631.0,435.0,1018.0,576.0,75.0,482.0,990.0,126.0,146.0,136.0,296.0,1215.0,318.0,133.0,174.0,252.0,1273.0,75.0,76.0,935.0,10.0,344.0,1356.0,245.0,168.0,1.0,760.0,67773.0
2020-03-12,93.0,18.0,539.0,125.0,49.0,127.0,631.0,435.0,1018.0,576.0,75.0,482.0,990.0,129.0,146.0,136.0,296.0,1215.0,318.0,133.0,174.0,252.0,1273.0,75.0,76.0,935.0,10.0,344.0,1356.0,245.0,168.0,1.0,760.0,67781.0
2020-03-13,93.0,18.0,539.0,125.0,50.0,127.0,631.0,436.0,1018.0,576.0,75.0,482.0,990.0,134.0,146.0,136.0,296.0,1215.0,318.0,133.0,174.0,252.0,1273.0,75.0,76.0,935.0,10.0,346.0,1356.0,245.0,168.0,1.0,760.0,67786.0
2020-03-14,93.0,18.0,539.0,125.0,53.0,129.0,631.0,437.0,1018.0,576.0,75.0,482.0,990.0,140.0,146.0,136.0,296.0,1227.0,318.0,133.0,174.0,252.0,1273.0,75.0,76.0,935.0,10.0,352.0,1356.0,245.0,168.0,1.0,760.0,67790.0
2020-03-15,93.0,18.0,539.0,125.0,59.0,133.0,631.0,442.0,1018.0,576.0,75.0,482.0,990.0,145.0,146.0,136.0,296.0,1231.0,318.0,133.0,174.0,252.0,1273.0,75.0,76.0,935.0,10.0,353.0,1360.0,245.0,168.0,1.0,760.0,67794.0
2020-03-16,93.0,18.0,539.0,125.0,67.0,133.0,631.0,452.0,1018.0,576.0,75.0,482.0,990.0,155.0,146.0,136.0,296.0,1231.0,318.0,133.0,175.0,252.0,1273.0,75.0,76.0,935.0,11.0,355.0,1361.0,245.0,168.0,1.0,760.0,67798.0
2020-03-17,93.0,18.0,540.0,125.0,77.0,133.0,631.0,456.0,1018.0,576.0,75.0,482.0,990.0,162.0,147.0,136.0,296.0,1232.0,318.0,133.0,176.0,253.0,1273.0,75.0,76.0,935.0,12.0,358.0,1364.0,246.0,168.0,1.0,761.0,67799.0
2020-03-18,93.0,18.0,540.0,125.0,100.0,133.0,631.0,469.0,1018.0,576.0,75.0,482.0,990.0,181.0,146.0,136.0,296.0,1232.0,318.0,133.0,176.0,253.0,1273.0,75.0,76.0,935.0,15.0,361.0,1370.0,246.0,168.0,1.0,761.0,67800.0
2020-03-19,93.0,18.0,540.0,125.0,108.0,134.0,631.0,480.0,1018.0,576.0,75.0,483.0,990.0,208.0,146.0,136.0,296.0,1234.0,318.0,133.0,176.0,253.0,1273.0,75.0,76.0,935.0,17.0,363.0,1378.0,246.0,168.0,1.0,761.0,67800.0
2020-03-20,93.0,18.0,541.0,126.0,135.0,134.0,631.0,491.0,1018.0,576.0,75.0,484.0,990.0,256.0,146.0,137.0,299.0,1234.0,318.0,133.0,176.0,254.0,1273.0,75.0,76.0,935.0,17.0,371.0,1395.0,247.0,168.0,1.0,762.0,67800.0
2020-03-21,93.0,18.0,542.0,126.0,153.0,134.0,631.0,504.0,1018.0,576.0,75.0,484.0,990.0,273.0,146.0,137.0,303.0,1236.0,318.0,133.0,176.0,254.0,1273.0,75.0,76.0,935.0,17.0,380.0,1400.0,248.0,168.0,1.0,764.0,67800.0
2020-03-22,93.0,18.0,543.0,126.0,169.0,136.0,633.0,514.0,1018.0,577.0,75.0,484.0,990.0,317.0,146.0,137.0,307.0,1237.0,319.0,133.0,176.0,254.0,1273.0,75.0,76.0,936.0,20.0,394.0,1407.0,248.0,168.0,1.0,766.0,67800.0
2020-03-23,93.0,18.0,543.0,127.0,195.0,136.0,633.0,537.0,1018.0,577.0,75.0,484.0,990.0,356.0,146.0,141.0,313.0,1238.0,319.0,133.0,176.0,254.0,1274.0,75.0,76.0,936.0,24.0,404.0,1415.0,248.0,168.0,1.0,768.0,67800.0
2020-03-24,93.0,18.0,545.0,127.0,215.0,136.0,636.0,558.0,1018.0,578.0,75.0,484.0,990.0,386.0,146.0,145.0,318.0,1240.0,319.0,134.0,176.0,254.0,1274.0,75.0,76.0,936.0,25.0,414.0,1428.0,249.0,168.0,1.0,768.0,67801.0
2020-03-25,94.0,18.0,547.0,127.0,235.0,136.0,638.0,561.0,1018.0,578.0,75.0,484.0,990.0,410.0,146.0,145.0,322.0,1241.0,319.0,134.0,176.0,254.0,1274.0,77.0,76.0,936.0,30.0,433.0,1433.0,250.0,168.0,1.0,769.0,67801.0
2020-03-26,95.0,18.0,547.0,128.0,252.0,136.0,640.0,566.0,1018.0,578.0,75.0,484.0,990.0,453.0,146.0,151.0,328.0,1243.0,319.0,135.0,178.0,254.0,1275.0,89.0,76.0,936.0,31.0,451.0,1448.0,253.0,168.0,1.0,771.0,67801.0
2020-03-27,95.0,18.0,548.0,128.0,267.0,136.0,641.0,569.0,1018.0,578.0,75.0,484.0,990.0,519.0,146.0,155.0,331.0,1247.0,319.0,135.0,180.0,254.0,1275.0,92.0,76.0,936.0,33.0,468.0,1456.0,253.0,168.0,1.0,772.0,67801.0
2020-03-28,97.0,18.0,548.0,132.0,283.0,136.0,641.0,573.0,1018.0,578.0,75.0,484.0,990.0,561.0,146.0,161.0,337.0,1251.0,319.0,135.0,180.0,254.0,1275.0,94.0,76.0,936.0,37.0,485.0,1467.0,253.0,168.0,1.0,772.0,67801.0
2020-03-29,98.0,18.0,550.0,134.0,298.0,138.0,644.0,577.0,1018.0,579.0,75.0,484.0,990.0,641.0,146.0,166.0,338.0,1254.0,319.0,136.0,180.0,254.0,1276.0,95.0,76.0,937.0,37.0,492.0,1475.0,253.0,168.0,1.0,772.0,67801.0
2020-03-30,98.0,18.0,550.0,136.0,306.0,138.0,645.0,577.0,1018.0,579.0,75.0,484.0,990.0,682.0,146.0,174.0,340.0,1255.0,321.0,136.0,180.0,254.0,1276.0,97.0,76.0,937.0,38.0,498.0,1484.0,253.0,168.0,1.0,773.0,67801.0
2020-03-31,98.0,18.0,550.0,139.0,322.0,138.0,646.0,580.0,1018.0,579.0,75.0,484.0,990.0,714.0,146.0,174.0,343.0,1257.0,321.0,136.0,181.0,254.0,1276.0,107.0,76.0,937.0,41.0,509.0,1494.0,253.0,168.0,1.0,774.0,67801.0
2020-04-01,98.0,18.0,552.0,140.0,329.0,138.0,646.0,580.0,1018.0,579.0,75.0,484.0,990.0,765.0,146.0,176.0,345.0,1257.0,323.0,137.0,182.0,254.0,1276.0,111.0,76.0,937.0,41.0,516.0,1501.0,255.0,168.0,1.0,774.0,67802.0
2020-04-02,98.0,18.0,554.0,141.0,339.0,138.0,647.0,582.0,1019.0,579.0,75.0,488.0,990.0,802.0,146.0,176.0,345.0,1258.0,325.0,137.0,183.0,254.0,1276.0,117.0,76.0,937.0,41.0,522.0,1507.0,255.0,168.0,1.0,775.0,67802.0
2020-04-03,98.0,18.0,555.0,141.0,348.0,138.0,651.0,584.0,1019.0,579.0,75.0,489.0,990.0,845.0,146.0,180.0,349.0,1260.0,326.0,137.0,184.0,254.0,1276.0,117.0,76.0,937.0,41.0,526.0,1514.0,255.0,168.0,1.0,778.0,67802.0
2020-04-04,98.0,18.0,557.0,141.0,355.0,138.0,651.0,585.0,1019.0,579.0,75.0,491.0,990.0,862.0,146.0,180.0,350.0,1262.0,326.0,137.0,184.0,254.0,1276.0,117.0,76.0,937.0,43.0,529.0,1516.0,256.0,168.0,1.0,778.0,67803.0
2020-04-05,98.0,18.0,558.0,142.0,363.0,138.0,651.0,586.0,1019.0,579.0,75.0,504.0,990.0,890.0,146.0,180.0,350.0,1263.0,327.0,138.0,184.0,254.0,1276.0,117.0,76.0,937.0,44.0,531.0,1524.0,256.0,168.0,1.0,779.0,67803.0
2020-04-06,98.0,18.0,559.0,142.0,373.0,139.0,651.0,587.0,1019.0,579.0,75.0,524.0,990.0,914.0,146.0,180.0,350.0,1264.0,327.0,138.0,184.0,254.0,1276.0,118.0,76.0,937.0,44.0,536.0,1532.0,256.0,168.0,1.0,780.0,67803.0
2020-04-07,98.0,18.0,560.0,144.0,376.0,139.0,651.0,587.0,1019.0,579.0,75.0,544.0,990.0,935.0,146.0,180.0,351.0,1265.0,327.0,138.0,184.0,254.0,1276.0,121.0,76.0,937.0,44.0,538.0,1533.0,256.0,168.0,1.0,781.0,67803.0
2020-04-08,98.0,18.0,560.0,144.0,379.0,139.0,651.0,588.0,1019.0,579.0,75.0,569.0,990.0,960.0,146.0,180.0,351.0,1266.0,327.0,163.0,184.0,254.0,1276.0,124.0,76.0,937.0,45.0,543.0,1536.0,256.0,168.0,1.0,783.0,67803.0
2020-04-09,98.0,18.0,560.0,144.0,380.0,139.0,651.0,588.0,1019.0,579.0,75.0,609.0,991.0,973.0,146.0,182.0,351.0,1267.0,327.0,166.0,184.0,254.0,1276.0,126.0,76.0,937.0,45.0,552.0,1539.0,256.0,168.0,1.0,783.0,67803.0
2020-04-10,98.0,18.0,560.0,144.0,382.0,139.0,651.0,588.0,1019.0,579.0,75.0,638.0,991.0,989.0,146.0,183.0,351.0,1267.0,327.0,168.0,184.0,254.0,1276.0,128.0,76.0,937.0,45.0,555.0,1544.0,256.0,168.0,1.0,783.0,67803.0
2020-04-11,98.0,18.0,560.0,145.0,385.0,139.0,652.0,589.0,1019.0,579.0,75.0,661.0,991.0,1000.0,146.0,183.0,351.0,1267.0,327.0,172.0,184.0,254.0,1276.0,155.0,76.0,937.0,45.0,555.0,1548.0,256.0,168.0,1.0,784.0,67803.0
2020-04-12,99.0,18.0,560.0,145.0,388.0,139.0,653.0,589.0,1019.0,579.0,75.0,684.0,991.0,1004.0,146.0,183.0,352.0,1267.0,327.0,172.0,184.0,254.0,1276.0,189.0,76.0,937.0,45.0,607.0,1552.0,256.0,168.0,1.0,784.0,67803.0
2020-04-13,100.0,18.0,560.0,145.0,393.0,139.0,653.0,589.0,1019.0,579.0,75.0,740.0,991.0,1009.0,146.0,184.0,352.0,1267.0,327.0,173.0,184.0,254.0,1276.0,190.0,76.0,937.0,45.0,618.0,1555.0,256.0,168.0,1.0,784.0,67803.0
2020-04-14,100.0,18.0,560.0,145.0,393.0,139.0,653.0,589.0,1019.0,579.0,75.0,819.0,991.0,1012.0,146.0,185.0,353.0,1267.0,327.0,173.0,184.0,254.0,1276.0,190.0,76.0,937.0,45.0,618.0,1564.0,256.0,168.0,1.0,784.0,67803.0
2020-04-15,102.0,18.0,560.0,145.0,395.0,139.0,653.0,590.0,1019.0,579.0,75.0,841.0,991.0,1017.0,146.0,185.0,353.0,1268.0,327.0,186.0,184.0,254.0,1276.0,190.0,76.0,937.0,45.0,622.0,1566.0,256.0,168.0,1.0,784.0,67803.0
2020-04-16,102.0,18.0,560.0,145.0,395.0,139.0,653.0,593.0,1019.0,579.0,75.0,861.0,991.0,1017.0,146.0,186.0,353.0,1268.0,328.0,194.0,184.0,254.0,1276.0,193.0,76.0,937.0,45.0,628.0,1571.0,256.0,168.0,1.0,784.0,67803.0
2020-04-17,102.0,18.0,560.0,146.0,395.0,139.0,653.0,593.0,1019.0,579.0,75.0,872.0,991.0,1021.0,146.0,189.0,354.0,1268.0,328.0,197.0,184.0,254.0,1276.0,193.0,76.0,937.0,45.0,628.0,1577.0,256.0,168.0,1.0,787.0,68128.0
2020-04-18,102.0,18.0,561.0,146.0,398.0,139.0,653.0,593.0,1019.0,579.0,75.0,892.0,991.0,1024.0,146.0,189.0,355.0,1268.0,328.0,197.0,184.0,254.0,1276.0,193.0,76.0,937.0,45.0,628.0,1579.0,256.0,168.0,1.0,787.0,68128.0
2020-04-19,104.0,18.0,561.0,146.0,420.0,139.0,653.0,593.0,1019.0,579.0,75.0,898.0,991.0,1025.0,147.0,189.0,355.0,1268.0,328.0,197.0,184.0,254.0,1276.0,193.0,76.0,937.0,45.0,635.0,1580.0,256.0,168.0,1.0,787.0,68128.0
2020-04-20,104.0,18.0,561.0,146.0,422.0,139.0,653.0,593.0,1019.0,579.0,75.0,905.0,991.0,1025.0,147.0,189.0,355.0,1268.0,328.0,197.0,184.0,254.0,1276.0,194.0,76.0,937.0,45.0,638.0,1581.0,256.0,168.0,1.0,787.0,68128.0
2020-04-21,106.0,18.0,561.0,146.0,425.0,139.0,653.0,593.0,1019.0,579.0,75.0,913.0,991.0,1029.0,147.0,189.0,355.0,1268.0,328.0,197.0,184.0,254.0,1276.0,194.0,76.0,937.0,45.0,638.0,1582.0,277.0,168.0,1.0,787.0,68128.0
2020-04-22,106.0,18.0,561.0,146.0,426.0,139.0,653.0,593.0,1019.0,579.0,75.0,921.0,991.0,1033.0,147.0,189.0,355.0,1268.0,328.0,197.0,184.0,254.0,1276.0,194.0,76.0,937.0,45.0,639.0,1582.0,279.0,168.0,1.0,787.0,68128.0
2020-04-23,107.0,18.0,561.0,146.0,427.0,139.0,653.0,593.0,1019.0,579.0,75.0,925.0,991.0,1035.0,147.0,189.0,355.0,1268.0,328.0,197.0,184.0,254.0,1276.0,194.0,76.0,937.0,45.0,640.0,1584.0,279.0,168.0,1.0,787.0,68128.0
2020-04-24,108.0,18.0,561.0,146.0,428.0,139.0,653.0,593.0,1019.0,579.0,75.0,928.0,991.0,1035.0,147.0,190.0,355.0,1268.0,328.0,197.0,184.0,254.0,1276.0,194.0,76.0,937.0,45.0,641.0,1585.0,279.0,168.0,1.0,787.0,68128.0
2020-04-25,109.0,18.0,561.0,146.0,429.0,139.0,653.0,593.0,1019.0,579.0,75.0,930.0,991.0,1037.0,147.0,190.0,355.0,1268.0,328.0,197.0,185.0,254.0,1276.0,197.0,76.0,937.0,45.0,641.0,1585.0,286.0,168.0,1.0,787.0,68128.0
2020-04-26,109.0,18.0,561.0,146.0,429.0,139.0,653.0,593.0,1019.0,579.0,75.0,935.0,991.0,1037.0,147.0,190.0,355.0,1268.0,328.0,197.0,185.0,254.0,1276.0,198.0,76.0,937.0,45.0,642.0,1586.0,286.0,168.0,1.0,787.0,68128.0
2020-04-27,110.0,18.0,561.0,146.0,429.0,139.0,653.0,593.0,1019.0,579.0,75.0,936.0,991.0,1037.0,147.0,190.0,355.0,1268.0,328.0,197.0,185.0,254.0,1276.0,198.0,76.0,937.0,45.0,642.0,1587.0,286.0,168.0,1.0,787.0,68128.0
2020-04-28,110.0,18.0,561.0,146.0,429.0,139.0,653.0,593.0,1019.0,579.0,75.0,939.0,991.0,1037.0,147.0,190.0,355.0,1268.0,328.0,197.0,185.0,254.0,1276.0,199.0,76.0,937.0,45.0,644.0,1587.0,306.0,168.0,1.0,787.0,68128.0
2020-04-29,110.0,18.0,561.0,146.0,429.0,139.0,653.0,593.0,1019.0,579.0,75.0,939.0,991.0,1037.0,147.0,190.0,355.0,1268.0,328.0,197.0,185.0,254.0,1276.0,199.0,76.0,937.0,45.0,645.0,1588.0,306.0,168.0,1.0,787.0,68128.0
2020-04-30,111.0,18.0,561.0,146.0,429.0,139.0,653.0,593.0,1019.0,579.0,75.0,939.0,991.0,1037.0,147.0,190.0,355.0,1268.0,328.0,197.0,185.0,254.0,1276.0,200.0,76.0,937.0,45.0,647.0,1588.0,306.0,168.0,1.0,787.0,68128.0
2020-05-01,111.0,18.0,561.0,146.0,429.0,139.0,653.0,593.0,1019.0,579.0,75.0,944.0,991.0,1039.0,147.0,190.0,356.0,1268.0,328.0,197.0,185.0,254.0,1276.0,201.0,76.0,937.0,45.0,652.0,1588.0,306.0,168.0,1.0,787.0,68128.0
2020-05-02,112.0,18.0,561.0,146.0,432.0,139.0,653.0,593.0,1019.0,579.0,75.0,944.0,991.0,1039.0,147.0,190.0,356.0,1268.0,328.0,197.0,185.0,254.0,1276.0,201.0,76.0,937.0,45.0,652.0,1588.0,306.0,168.0,1.0,787.0,68128.0
2020-05-03,112.0,18.0,561.0,146.0,432.0,139.0,653.0,593.0,1019.0,579.0,75.0,944.0,991.0,1039.0,147.0,190.0,356.0,1268.0,328.0,198.0,185.0,254.0,1276.0,201.0,76.0,937.0,45.0,653.0,1588.0,306.0,168.0,1.0,787.0,68128.0
2020-05-04,112.0,18.0,561.0,146.0,438.0,139.0,653.0,593.0,1019.0,579.0,75.0,944.0,991.0,1040.0,147.0,190.0,356.0,1268.0,328.0,198.0,185.0,254.0,1276.0,201.0,76.0,937.0,45.0,655.0,1588.0,306.0,168.0,1.0,788.0,68128.0
2020-05-05,112.0,18.0,561.0,146.0,438.0,139.0,653.0,593.0,1019.0,579.0,75.0,944.0,991.0,1040.0,147.0,190.0,356.0,1268.0,328.0,198.0,185.0,254.0,1276.0,201.0,76.0,937.0,45.0,656.0,1588.0,306.0,168.0,1.0,788.0,68128.0
2020-05-06,112.0,18.0,561.0,146.0,439.0,139.0,653.0,593.0,1019.0,579.0,75.0,944.0,991.0,1040.0,147.0,190.0,356.0,1268.0,328.0,198.0,185.0,254.0,1276.0,201.0,76.0,937.0,45.0,656.0,1588.0,308.0,168.0,1.0,788.0,68128.0
2020-05-07,112.0,18.0,561.0,146.0,440.0,139.0,653.0,593.0,1019.0,579.0,75.0,944.0,991.0,1044.0,147.0,190.0,356.0,1268.0,328.0,198.0,185.0,254.0,1276.0,201.0,76.0,937.0,45.0,657.0,1589.0,308.0,168.0,1.0,788.0,68128.0
2020-05-08,113.0,18.0,561.0,146.0,440.0,139.0,653.0,593.0,1019.0,579.0,75.0,944.0,991.0,1044.0,147.0,191.0,356.0,1268.0,328.0,198.0,185.0,254.0,1276.0,201.0,76.0,937.0,45.0,657.0,1589.0,308.0,168.0,1.0,788.0,68128.0
2020-05-09,113.0,18.0,561.0,146.0,440.0,139.0,653.0,593.0,1019.0,579.0,75.0,944.0,991.0,1044.0,147.0,191.0,356.0,1268.0,328.0,198.0,185.0,254.0,1276.0,201.0,76.0,937.0,45.0,657.0,1589.0,308.0,168.0,1.0,788.0,68128.0
2020-05-10,124.0,18.0,561.0,147.0,440.0,139.0,653.0,593.0,1019.0,579.0,75.0,944.0,991.0,1047.0,147.0,191.0,356.0,1268.0,328.0,198.0,185.0,254.0,1276.0,201.0,76.0,937.0,45.0,659.0,1589.0,308.0,168.0,1.0,788.0,68129.0
2020-05-11,127.0,18.0,561.0,147.0,440.0,139.0,653.0,593.0,1019.0,579.0,75.0,945.0,991.0,1047.0,147.0,191.0,356.0,1268.0,328.0,198.0,185.0,254.0,1276.0,208.0,76.0,937.0,45.0,659.0,1589.0,308.0,168.0,1.0,788.0,68134.0
2020-05-12,127.0,18.0,561.0,147.0,440.0,139.0,653.0,593.0,1019.0,579.0,75.0,945.0,991.0,1047.0,147.0,191.0,356.0,1268.0,328.0,198.0,185.0,254.0,1276.0,209.0,76.0,937.0,45.0,659.0,1589.0,308.0,168.0,1.0,788.0,68134.0
2020-05-13,133.0,18.0,561.0,147.0,440.0,139.0,653.0,593.0,1019.0,579.0,75.0,945.0,991.0,1050.0,147.0,191.0,356.0,1268.0,328.0,198.0,185.0,254.0,1276.0,209.0,76.0,937.0,45.0,660.0,1589.0,308.0,168.0,1.0,788.0,68134.0
2020-05-14,134.0,18.0,561.0,149.0,440.0,139.0,653.0,593.0,1019.0,579.0,75.0,945.0,991.0,1051.0,147.0,191.0,356.0,1268.0,328.0,198.0,185.0,254.0,1276.0,209.0,76.0,937.0,45.0,660.0,1589.0,308.0,168.0,1.0,788.0,68134.0
2020-05-15,138.0,18.0,561.0,149.0,440.0,139.0,653.0,593.0,1019.0,579.0,75.0,945.0,991.0,1052.0,147.0,191.0,356.0,1268.0,328.0,198.0,185.0,254.0,1276.0,209.0,76.0,937.0,45.0,660.0,1589.0,308.0,169.0,1.0,788.0,68134.0
2020-05-16,140.0,18.0,561.0,149.0,440.0,139.0,653.0,593.0,1019.0,579.0,75.0,945.0,991.0,1052.0,147.0,191.0,356.0,1268.0,328.0,198.0,185.0,254.0,1276.0,209.0,76.0,937.0,45.0,665.0,1589.0,308.0,169.0,1.0,788.0,68134.0
2020-05-17,144.0,18.0,561.0,149.0,440.0,139.0,653.0,593.0,1019.0,579.0,75.0,945.0,991.0,1055.0,147.0,192.0,356.0,1268.0,328.0,198.0,185.0,254.0,1276.0,209.0,76.0,937.0,45.0,665.0,1590.0,308.0,169.0,1.0,788.0,68134.0
2020-05-18,146.0,18.0,561.0,149.0,440.0,139.0,653.0,593.0,1019.0,579.0,75.0,945.0,991.0,1055.0,147.0,192.0,356.0,1268.0,328.0,198.0,185.0,254.0,1276.0,213.0,76.0,937.0,45.0,666.0,1590.0,308.0,169.0,1.0,788.0,68134.0
2020-05-19,151.0,18.0,561.0,149.0,440.0,139.0,653.0,593.0,1019.0,579.0,75.0,945.0,991.0,1055.0,147.0,192.0,356.0,1268.0,328.0,198.0,185.0,254.0,1276.0,216.0,76.0,937.0,45.0,666.0,1590.0,308.0,169.0,1.0,788.0,68135.0
2020-05-20,152.0,18.0,561.0,149.0,440.0,139.0,653.0,593.0,1019.0,579.0,75.0,945.0,991.0,1055.0,147.0,192.0,356.0,1268.0,328.0,198.0,185.0,254.0,1276.0,217.0,76.0,937.0,45.0,667.0,1590.0,308.0,169.0,1.0,788.0,68135.0
2020-05-21,152.0,18.0,561.0,149.0,440.0,139.0,653.0,593.0,1019.0,579.0,75.0,945.0,991.0,1055.0,147.0,192.0,356.0,1268.0,328.0,198.0,185.0,254.0,1276.0,217.0,76.0,937.0,45.0,667.0,1590.0,308.0,169.0,1.0,788.0,68135.0
2020-05-22,154.0,18.0,563.0,149.0,441.0,139.0,653.0,593.0,1019.0,579.0,75.0,945.0,991.0,1065.0,147.0,192.0,356.0,1268.0,328.0,198.0,185.0,254.0,1276.0,217.0,76.0,937.0,45.0,667.0,1591.0,308.0,169.0,1.0,788.0,68135.0
2020-05-23,154.0,18.0,563.0,149.0,441.0,139.0,653.0,593.0,1019.0,579.0,75.0,945.0,991.0,1065.0,147.0,192.0,356.0,1268.0,328.0,198.0,185.0,254.0,1276.0,217.0,76.0,937.0,45.0,667.0,1591.0,308.0,169.0,1.0,788.0,68135.0
2020-05-24,155.0,18.0,563.0,149.0,441.0,139.0,653.0,593.0,1019.0,579.0,75.0,945.0,991.0,1065.0,147.0,192.0,356.0,1268.0,328.0,198.0,185.0,254.0,1276.0,217.0,76.0,937.0,45.0,668.0,1592.0,308.0,169.0,1.0,788.0,68135.0
2020-05-25,155.0,18.0,564.0,149.0,441.0,139.0,653.0,593.0,1019.0,579.0,75.0,945.0,991.0,1065.0,147.0,192.0,356.0,1268.0,328.0,198.0,185.0,254.0,1276.0,227.0,76.0,937.0,45.0,668.0,1592.0,308.0,169.0,1.0,788.0,68135.0
2020-05-26,155.0,18.0,564.0,149.0,441.0,139.0,653.0,593.0,1019.0,579.0,75.0,945.0,991.0,1065.0,147.0,192.0,357.0,1268.0,328.0,198.0,185.0,254.0,1276.0,232.0,76.0,937.0,45.0,669.0,1592.0,308.0,169.0,1.0,788.0,68135.0
2020-05-27,155.0,18.0,564.0,149.0,441.0,139.0,653.0,593.0,1019.0,579.0,75.0,945.0,991.0,1066.0,147.0,192.0,357.0,1268.0,328.0,198.0,185.0,254.0,1276.0,232.0,76.0,937.0,45.0,670.0,1592.0,308.0,169.0,1.0,788.0,68135.0
2020-05-28,155.0,18.0,564.0,149.0,441.0,139.0,653.0,593.0,1019.0,579.0,75.0,945.0,991.0,1066.0,147.0,192.0,358.0,1268.0,328.0,198.0,185.0,254.0,1276.0,232.0,76.0,937.0,45.0,671.0,1592.0,308.0,169.0,1.0,788.0,68135.0
2020-05-29,155.0,18.0,564.0,149.0,442.0,139.0,653.0,593.0,1019.0,579.0,75.0,945.0,991.0,1079.0,147.0,192.0,358.0,1268.0,328.0,198.0,185.0,254.0,1276.0,232.0,76.0,937.0,45.0,671.0,1592.0,308.0,169.0,1.0,788.0,68135.0
2020-05-30,155.0,18.0,564.0,149.0,442.0,139.0,653.0,593.0,1019.0,579.0,75.0,945.0,991.0,1082.0,147.0,192.0,358.0,1268.0,328.0,198.0,185.0,254.0,1276.0,232.0,76.0,937.0,45.0,672.0,1593.0,308.0,169.0,1.0,791.0,68135.0
2020-05-31,155.0,18.0,564.0,149.0,442.0,139.0,653.0,593.0,1019.0,579.0,75.0,945.0,991.0,1084.0,147.0,192.0,358.0,1268.0,328.0,198.0,185.0,254.0,1276.0,232.0,76.0,937.0,45.0,672.0,1593.0,308.0,169.0,1.0,792.0,68135.0
2020-06-01,155.0,18.0,575.0,149.0,443.0,139.0,653.0,593.0,1019.0,579.0,75.0,945.0,991.0,1087.0,147.0,192.0,358.0,1268.0,328.0,198.0,185.0,254.0,1276.0,235.0,76.0,937.0,45.0,672.0,1595.0,309.0,169.0,1.0,792.0,68135.0
2020-06-02,155.0,18.0,577.0,149.0,443.0,139.0,653.0,593.0,1019.0,579.0,75.0,945.0,991.0,1093.0,147.0,192.0,358.0,1268.0,328.0,198.0,185.0,254.0,1276.0,235.0,76.0,937.0,45.0,673.0,1596.0,309.0,169.0,1.0,792.0,68135.0
2020-06-03,155.0,18.0,577.0,149.0,443.0,139.0,653.0,594.0,1019.0,579.0,75.0,947.0,991.0,1093.0,147.0,192.0,358.0,1268.0,328.0,198.0,185.0,254.0,1276.0,235.0,76.0,932.0,45.0,673.0,1597.0,309.0,169.0,1.0,792.0,68135.0
2020-06-04,155.0,18.0,577.0,149.0,443.0,139.0,653.0,594.0,1019.0,579.0,75.0,947.0,991.0,1099.0,147.0,192.0,358.0,1268.0,328.0,198.0,185.0,254.0,1276.0,235.0,76.0,932.0,45.0,673.0,1598.0,309.0,169.0,1.0,792.0,68135.0
2020-06-05,155.0,18.0,578.0,149.0,443.0,139.0,653.0,594.0,1019.0,579.0,75.0,947.0,991.0,1102.0,147.0,192.0,358.0,1268.0,328.0,198.0,185.0,254.0,1276.0,235.0,76.0,932.0,45.0,677.0,1598.0,309.0,169.0,1.0,792.0,68135.0
2020-06-06,155.0,18.0,578.0,149.0,443.0,139.0,653.0,594.0,1019.0,579.0,75.0,947.0,991.0,1105.0,147.0,193.0,358.0,1268.0,328.0,198.0,185.0,254.0,1276.0,235.0,76.0,932.0,45.0,677.0,1601.0,309.0,169.0,1.0,792.0,68135.0
2020-06-07,155.0,18.0,578.0,149.0,443.0,139.0,653.0,594.0,1019.0,579.0,75.0,947.0,991.0,1106.0,147.0,193.0,359.0,1268.0,328.0,198.0,185.0,254.0,1276.0,235.0,76.0,932.0,45.0,677.0,1602.0,311.0,170.0,1.0,792.0,68135.0
2020-06-08,155.0,18.0,581.0,149.0,443.0,139.0,653.0,594.0,1019.0,579.0,75.0,947.0,991.0,1107.0,147.0,193.0,359.0,1268.0,328.0,198.0,185.0,254.0,1276.0,235.0,76.0,932.0,45.0,678.0,1602.0,311.0,170.0,1.0,792.0,68135.0
2020-06-09,155.0,18.0,582.0,149.0,443.0,139.0,653.0,594.0,1019.0,579.0,75.0,947.0,991.0,1107.0,147.0,193.0,359.0,1268.0,328.0,198.0,185.0,254.0,1276.0,235.0,76.0,932.0,45.0,678.0,1604.0,311.0,170.0,1.0,792.0,68135.0
2020-06-10,155.0,18.0,582.0,149.0,443.0,139.0,653.0,594.0,1019.0,579.0,75.0,947.0,991.0,1107.0,147.0,195.0,359.0,1268.0,328.0,198.0,185.0,254.0,1276.0,237.0,76.0,932.0,45.0,678.0,1604.0,311.0,170.0,1.0,792.0,68135.0
2020-06-11,155.0,18.0,582.0,149.0,443.0,139.0,653.0,595.0,1019.0,579.0,75.0,947.0,991.0,1107.0,147.0,195.0,360.0,1268.0,328.0,198.0,185.0,254.0,1276.0,237.0,76.0,932.0,45.0,684.0,1607.0,311.0,170.0,1.0,792.0,68135.0
2020-06-12,155.0,18.0,582.0,149.0,443.0,139.0,653.0,597.0,1019.0,579.0,75.0,947.0,991.0,1108.0,147.0,196.0,361.0,1268.0,328.0,198.0,185.0,254.0,1276.0,237.0,76.0,932.0,45.0,689.0,1607.0,311.0,170.0,1.0,792.0,68135.0
2020-06-13,155.0,18.0,583.0,149.0,443.0,139.0,653.0,601.0,1019.0,579.0,75.0,947.0,991.0,1109.0,147.0,196.0,361.0,1268.0,328.0,198.0,185.0,254.0,1276.0,237.0,76.0,932.0,45.0,690.0,1608.0,311.0,171.0,1.0,792.0,68135.0
2020-06-14,155.0,18.0,583.0,151.0,443.0,139.0,653.0,645.0,1019.0,580.0,75.0,947.0,991.0,1109.0,147.0,196.0,361.0,1268.0,328.0,198.0,185.0,254.0,1276.0,237.0,76.0,932.0,45.0,691.0,1625.0,313.0,171.0,1.0,792.0,68135.0
2020-06-15,155.0,18.0,588.0,151.0,445.0,139.0,653.0,673.0,1019.0,582.0,75.0,947.0,991.0,1112.0,147.0,196.0,362.0,1268.0,331.0,198.0,185.0,254.0,1276.0,237.0,76.0,932.0,45.0,692.0,1625.0,313.0,171.0,1.0,792.0,68135.0
2020-06-16,155.0,18.0,588.0,152.0,445.0,139.0,653.0,700.0,1019.0,582.0,75.0,947.0,991.0,1112.0,147.0,196.0,362.0,1268.0,335.0,198.0,185.0,254.0,1276.0,238.0,76.0,932.0,45.0,695.0,1628.0,313.0,171.0,1.0,792.0,68135.0
2020-06-17,155.0,18.0,589.0,152.0,445.0,150.0,653.0,731.0,1019.0,582.0,75.0,947.0,991.0,1121.0,147.0,197.0,362.0,1269.0,336.0,198.0,185.0,254.0,1276.0,238.0,76.0,932.0,45.0,695.0,1628.0,314.0,171.0,1.0,792.0,68135.0
2020-06-18,155.0,18.0,589.0,152.0,446.0,150.0,653.0,752.0,1019.0,582.0,75.0,947.0,991.0,1124.0,147.0,197.0,362.0,1269.0,338.0,198.0,185.0,254.0,1276.0,238.0,76.0,932.0,45.0,697.0,1628.0,314.0,171.0,1.0,792.0,68135.0
2020-06-19,155.0,18.0,589.0,153.0,446.0,151.0,653.0,777.0,1019.0,582.0,75.0,947.0,991.0,1124.0,147.0,197.0,362.0,1269.0,340.0,198.0,185.0,254.0,1276.0,238.0,76.0,932.0,45.0,697.0,1631.0,314.0,171.0,1.0,792.0,68135.0
2020-06-20,155.0,18.0,589.0,153.0,446.0,151.0,653.0,799.0,1019.0,582.0,75.0,947.0,991.0,1128.0,147.0,197.0,362.0,1269.0,341.0,198.0,185.0,254.0,1276.0,238.0,76.0,932.0,45.0,698.0,1634.0,314.0,171.0,1.0,792.0,68135.0
2020-06-21,155.0,18.0,589.0,153.0,446.0,151.0,653.0,821.0,1019.0,582.0,75.0,947.0,991.0,1131.0,147.0,197.0,363.0,1269.0,344.0,198.0,185.0,254.0,1276.0,238.0,76.0,932.0,45.0,698.0,1634.0,316.0,171.0,1.0,792.0,68135.0
2020-06-22,155.0,18.0,589.0,154.0,446.0,158.0,653.0,830.0,1019.0,582.0,75.0,947.0,991.0,1161.0,147.0,198.0,363.0,1269.0,346.0,198.0,185.0,254.0,1276.0,238.0,76.0,932.0,45.0,701.0,1634.0,317.0,171.0,1.0,792.0,68135.0
2020-06-23,155.0,18.0,589.0,154.0,446.0,158.0,654.0,843.0,1019.0,582.0,75.0,947.0,991.0,1177.0,147.0,198.0,363.0,1269.0,346.0,198.0,185.0,254.0,1276.0,238.0,76.0,932.0,45.0,701.0,1634.0,317.0,171.0,1.0,792.0,68135.0
2020-06-24,155.0,18.0,589.0,154.0,446.0,161.0,654.0,850.0,1019.0,582.0,75.0,947.0,991.0,1179.0,147.0,198.0,363.0,1269.0,348.0,198.0,185.0,254.0,1276.0,238.0,76.0,932.0,45.0,703.0,1634.0,319.0,171.0,1.0,792.0,68135.0
2020-06-25,155.0,18.0,589.0,154.0,446.0,161.0,654.0,863.0,1019.0,582.0,75.0,947.0,991.0,1179.0,147.0,198.0,363.0,1269.0,349.0,198.0,185.0,254.0,1276.0,238.0,76.0,932.0,45.0,703.0,1635.0,319.0,171.0,1.0,792.0,68135.0
2020-06-26,155.0,18.0,589.0,154.0,447.0,161.0,654.0,874.0,1019.0,582.0,75.0,947.0,991.0,1196.0,147.0,198.0,363.0,1269.0,349.0,198.0,185.0,254.0,1276.0,238.0,76.0,932.0,46.0,705.0,1635.0,319.0,171.0,1.0,792.0,68135.0
2020-06-27,155.0,18.0,589.0,154.0,447.0,162.0,654.0,891.0,1019.0,582.0,75.0,947.0,991.0,1197.0,147.0,198.0,363.0,1269.0,349.0,198.0,185.0,254.0,1276.0,238.0,76.0,932.0,46.0,706.0,1637.0,319.0,171.0,1.0,792.0,68135.0
2020-06-28,155.0,18.0,589.0,154.0,447.0,163.0,654.0,905.0,1019.0,582.0,75.0,947.0,991.0,1199.0,147.0,198.0,363.0,1269.0,349.0,198.0,185.0,254.0,1276.0,238.0,76.0,932.0,46.0,707.0,1637.0,320.0,171.0,1.0,792.0,68135.0
2020-06-29,155.0,18.0,592.0,155.0,447.0,163.0,654.0,912.0,1019.0,582.0,75.0,947.0,991.0,1199.0,147.0,198.0,363.0,1269.0,349.0,198.0,185.0,254.0,1276.0,238.0,76.0,932.0,46.0,708.0,1637.0,320.0,171.0,1.0,792.0,68135.0
2020-06-30,155.0,18.0,595.0,155.0,447.0,164.0,654.0,919.0,1019.0,582.0,75.0,947.0,991.0,1205.0,147.0,198.0,363.0,1269.0,349.0,198.0,185.0,254.0,1276.0,238.0,76.0,932.0,46.0,712.0,1641.0,320.0,171.0,1.0,792.0,68135.0
2020-07-01,155.0,18.0,595.0,155.0,447.0,164.0,654.0,922.0,1019.0,582.0,75.0,947.0,991.0,1233.0,147.0,198.0,363.0,1269.0,349.0,198.0,185.0,254.0,1276.0,238.0,76.0,932.0,46.0,712.0,1641.0,320.0,171.0,1.0,792.0,68135.0
2020-07-02,155.0,18.0,595.0,155.0,448.0,164.0,654.0,923.0,1019.0,582.0,75.0,947.0,991.0,1242.0,147.0,198.0,363.0,1269.0,349.0,198.0,185.0,254.0,1276.0,238.0,76.0,932.0,46.0,713.0,1642.0,320.0,171.0,1.0,792.0,68135.0
2020-07-03,155.0,18.0,595.0,156.0,449.0,164.0,654.0,925.0,1019.0,582.0,75.0,947.0,991.0,1247.0,147.0,198.0,363.0,1269.0,349.0,198.0,186.0,254.0,1276.0,238.0,76.0,932.0,46.0,714.0,1642.0,320.0,171.0,1.0,792.0,68135.0
2020-07-04,155.0,18.0,595.0,156.0,449.0,164.0,654.0,926.0,1019.0,582.0,75.0,947.0,991.0,1247.0,147.0,199.0,363.0,1269.0,349.0,198.0,186.0,254.0,1276.0,238.0,76.0,932.0,46.0,715.0,1643.0,320.0,171.0,1.0,792.0,68135.0
2020-07-05,155.0,18.0,596.0,156.0,449.0,167.0,654.0,928.0,1019.0,582.0,75.0,947.0,991.0,1268.0,147.0,199.0,363.0,1269.0,349.0,198.0,186.0,254.0,1276.0,239.0,76.0,932.0,46.0,716.0,1643.0,320.0,171.0,1.0,792.0,68135.0
2020-07-06,155.0,18.0,596.0,157.0,449.0,167.0,654.0,929.0,1019.0,582.0,75.0,947.0,991.0,1285.0,147.0,199.0,363.0,1269.0,349.0,198.0,186.0,254.0,1276.0,239.0,76.0,932.0,46.0,716.0,1643.0,321.0,171.0,1.0,792.0,68135.0
2020-07-07,155.0,18.0,598.0,159.0,449.0,167.0,654.0,929.0,1019.0,582.0,75.0,947.0,991.0,1299.0,147.0,199.0,363.0,1269.0,349.0,198.0,186.0,254.0,1276.0,240.0,76.0,932.0,46.0,718.0,1644.0,321.0,171.0,1.0,792.0,68135.0
2020-07-08,155.0,18.0,598.0,159.0,449.0,167.0,654.0,929.0,1019.0,582.0,75.0,947.0,991.0,1323.0,147.0,199.0,363.0,1269.0,349.0,199.0,187.0,254.0,1276.0,244.0,76.0,932.0,46.0,718.0,1645.0,321.0,171.0,1.0,792.0,68135.0
2020-07-09,155.0,18.0,599.0,162.0,449.0,167.0,654.0,929.0,1019.0,582.0,75.0,947.0,991.0,1365.0,147.0,199.0,363.0,1269.0,349.0,199.0,187.0,254.0,1276.0,244.0,76.0,932.0,46.0,721.0,1647.0,321.0,171.0,1.0,792.0,68135.0
2020-07-10,155.0,18.0,599.0,162.0,449.0,167.0,654.0,929.0,1019.0,582.0,75.0,947.0,991.0,1365.0,147.0,199.0,363.0,1269.0,349.0,199.0,187.0,254.0,1276.0,244.0,76.0,932.0,46.0,721.0,1647.0,321.0,171.0,1.0,792.0,68135.0
2020-07-11,155.0,18.0,599.0,164.0,451.0,167.0,654.0,929.0,1019.0,582.0,75.0,947.0,991.0,1431.0,147.0,202.0,363.0,1269.0,349.0,200.0,187.0,254.0,1276.0,245.0,76.0,932.0,46.0,722.0,1648.0,321.0,171.0,1.0,792.0,68135.0
2020-07-12,155.0,18.0,599.0,164.0,451.0,167.0,654.0,929.0,1019.0,582.0,75.0,947.0,991.0,1469.0,147.0,203.0,363.0,1270.0,349.0,200.0,187.0,254.0,1276.0,245.0,76.0,932.0,46.0,724.0,1648.0,321.0,171.0,1.0,792.0,68135.0
2020-07-13,155.0,18.0,599.0,164.0,451.0,167.0,654.0,929.0,1019.0,582.0,75.0,947.0,991.0,1469.0,147.0,203.0,363.0,1270.0,349.0,200.0,187.0,254.0,1276.0,249.0,76.0,932.0,46.0,725.0,1650.0,321.0,171.0,1.0,793.0,68135.0
2020-07-14,155.0,18.0,599.0,164.0,451.0,167.0,654.0,929.0,1019.0,582.0,75.0,947.0,991.0,1469.0,147.0,203.0,363.0,1270.0,349.0,200.0,187.0,254.0,1276.0,249.0,76.0,932.0,46.0,725.0,1650.0,321.0,171.0,1.0,793.0,68135.0
2020-07-15,155.0,18.0,599.0,164.0,451.0,167.0,654.0,929.0,1019.0,583.0,75.0,947.0,991.0,1588.0,147.0,203.0,363.0,1270.0,349.0,201.0,188.0,254.0,1276.0,249.0,76.0,932.0,46.0,731.0,1650.0,321.0,171.0,1.0,793.0,68135.0
2020-07-16,155.0,18.0,599.0,164.0,451.0,167.0,654.0,929.0,1019.0,583.0,75.0,947.0,991.0,1655.0,147.0,203.0,363.0,1270.0,349.0,201.0,188.0,254.0,1276.0,249.0,77.0,932.0,46.0,732.0,1650.0,321.0,171.0,1.0,793.0,68135.0
2020-07-17,155.0,18.0,599.0,164.0,451.0,167.0,654.0,929.0,1019.0,583.0,75.0,947.0,991.0,1655.0,147.0,203.0,363.0,1270.0,349.0,201.0,188.0,254.0,1276.0,249.0,77.0,932.0,46.0,732.0,1650.0,321.0,171.0,1.0,793.0,68135.0
2020-07-18,155.0,18.0,599.0,164.0,451.0,167.0,654.0,929.0,1019.0,583.0,75.0,947.0,991.0,1655.0,147.0,203.0,363.0,1270.0,349.0,201.0,188.0,254.0,1276.0,249.0,77.0,932.0,46.0,732.0,1650.0,321.0,171.0,1.0,793.0,68135.0
2020-07-19,155.0,18.0,599.0,164.0,454.0,167.0,655.0,929.0,1019.0,583.0,75.0,947.0,991.0,1885.0,147.0,203.0,364.0,1270.0,349.0,201.0,188.0,255.0,1276.0,249.0,106.0,932.0,46.0,733.0,1659.0,322.0,171.0,1.0,797.0,68135.0
2020-07-20,155.0,18.0,602.0,164.0,455.0,167.0,655.0,929.0,1019.0,583.0,75.0,947.0,991.0,1958.0,147.0,203.0,364.0,1270.0,349.0,201.0,188.0,255.0,1276.0,250.0,123.0,932.0,46.0,733.0,1659.0,322.0,171.0,1.0,798.0,68135.0
2020-07-21,155.0,18.0,603.0,164.0,455.0,167.0,655.0,929.0,1019.0,583.0,75.0,947.0,991.0,2019.0,147.0,203.0,364.0,1270.0,349.0,201.0,188.0,255.0,1276.0,250.0,131.0,932.0,46.0,735.0,1659.0,322.0,171.0,1.0,798.0,68135.0
2020-07-22,155.0,18.0,603.0,165.0,455.0,167.0,655.0,929.0,1019.0,583.0,75.0,947.0,991.0,2131.0,147.0,203.0,364.0,1270.0,349.0,201.0,189.0,255.0,1276.0,250.0,140.0,932.0,46.0,737.0,1661.0,322.0,171.0,1.0,798.0,68135.0
2020-07-23,155.0,18.0,603.0,165.0,455.0,167.0,655.0,929.0,1019.0,583.0,75.0,947.0,991.0,2131.0,147.0,203.0,364.0,1270.0,349.0,201.0,189.0,255.0,1276.0,250.0,158.0,932.0,46.0,738.0,1662.0,323.0,171.0,1.0,798.0,68135.0
2020-07-24,155.0,18.0,603.0,165.0,455.0,167.0,655.0,929.0,1019.0,583.0,75.0,947.0,991.0,2131.0,147.0,203.0,364.0,1270.0,349.0,201.0,189.0,255.0,1276.0,250.0,158.0,932.0,46.0,738.0,1662.0,323.0,171.0,1.0,798.0,68135.0
2020-07-25,155.0,18.0,603.0,165.0,455.0,167.0,655.0,929.0,1019.0,583.0,75.0,947.0,991.0,2131.0,147.0,203.0,364.0,1270.0,349.0,201.0,189.0,255.0,1276.0,250.0,158.0,932.0,46.0,738.0,1662.0,323.0,171.0,1.0,798.0,68135.0
2020-07-26,155.0,18.0,603.0,189.0,458.0,167.0,655.0,929.0,1019.0,583.0,75.0,947.0,991.0,2761.0,147.0,204.0,365.0,1270.0,349.0,201.0,189.0,255.0,1276.0,256.0,213.0,932.0,46.0,741.0,1672.0,323.0,171.0,1.0,799.0,68135.0
2020-07-27,157.0,18.0,604.0,203.0,462.0,167.0,655.0,929.0,1019.0,583.0,75.0,947.0,991.0,2778.0,147.0,204.0,366.0,1270.0,349.0,201.0,189.0,255.0,1276.0,258.0,254.0,932.0,46.0,741.0,1672.0,323.0,171.0,1.0,799.0,68135.0
2020-07-28,157.0,18.0,604.0,203.0,462.0,167.0,655.0,929.0,1019.0,583.0,75.0,947.0,991.0,2778.0,147.0,204.0,366.0,1270.0,349.0,201.0,189.0,255.0,1276.0,258.0,254.0,932.0,46.0,741.0,1672.0,323.0,171.0,1.0,799.0,68135.0
2020-07-29,157.0,18.0,604.0,217.0,467.0,167.0,655.0,932.0,1019.0,583.0,75.0,947.0,991.0,3002.0,147.0,204.0,366.0,1270.0,349.0,201.0,190.0,255.0,1276.0,258.0,400.0,932.0,46.0,744.0,1674.0,323.0,171.0,1.0,799.0,68135.0
2020-07-30,157.0,18.0,604.0,222.0,467.0,167.0,655.0,933.0,1019.0,583.0,75.0,947.0,991.0,3151.0,147.0,205.0,366.0,1270.0,349.0,201.0,191.0,255.0,1276.0,258.0,496.0,932.0,46.0,744.0,1675.0,324.0,171.0,1.0,799.0,68135.0
2020-07-31,157.0,18.0,604.0,233.0,467.0,167.0,655.0,933.0,1019.0,583.0,75.0,947.0,991.0,3272.0,147.0,205.0,366.0,1270.0,349.0,201.0,191.0,255.0,1276.0,258.0,608.0,932.0,46.0,744.0,1678.0,324.0,171.0,1.0,799.0,68135.0
2020-08-01,157.0,18.0,604.0,241.0,467.0,167.0,655.0,933.0,1019.0,583.0,75.0,947.0,991.0,3397.0,147.0,205.0,366.0,1270.0,349.0,201.0,191.0,255.0,1276.0,258.0,639.0,932.0,46.0,748.0,1680.0,324.0,171.0,1.0,799.0,68135.0
2020-08-02,157.0,18.0,608.0,244.0,474.0,167.0,655.0,933.0,1019.0,583.0,75.0,947.0,991.0,3511.0,147.0,205.0,367.0,1270.0,349.0,201.0,191.0,255.0,1276.0,258.0,668.0,932.0,46.0,749.0,1682.0,326.0,171.0,1.0,802.0,68138.0
2020-08-03,157.0,18.0,608.0,253.0,475.0,167.0,658.0,933.0,1019.0,583.0,75.0,947.0,991.0,3591.0,147.0,205.0,367.0,1270.0,349.0,201.0,191.0,255.0,1276.0,258.0,696.0,932.0,46.0,749.0,1683.0,326.0,171.0,1.0,804.0,68138.0
2020-08-04,157.0,18.0,609.0,255.0,475.0,167.0,658.0,933.0,1019.0,583.0,75.0,947.0,991.0,3669.0,147.0,205.0,367.0,1270.0,349.0,201.0,191.0,255.0,1276.0,258.0,724.0,932.0,46.0,750.0,1687.0,326.0,171.0,1.0,804.0,68138.0
2020-08-05,157.0,18.0,610.0,255.0,476.0,167.0,658.0,934.0,1019.0,583.0,75.0,947.0,991.0,3754.0,147.0,205.0,367.0,1270.0,349.0,201.0,191.0,255.0,1276.0,258.0,746.0,932.0,46.0,752.0,1687.0,327.0,171.0,1.0,804.0,68138.0
2020-08-06,157.0,18.0,610.0,258.0,476.0,167.0,658.0,934.0,1019.0,583.0,75.0,947.0,991.0,3849.0,147.0,205.0,367.0,1270.0,349.0,201.0,191.0,255.0,1276.0,258.0,773.0,932.0,46.0,757.0,1687.0,328.0,171.0,1.0,805.0,68138.0
2020-08-07,157.0,18.0,611.0,259.0,477.0,167.0,659.0,935.0,1019.0,583.0,75.0,947.0,991.0,3938.0,147.0,205.0,367.0,1270.0,349.0,201.0,191.0,255.0,1276.0,258.0,799.0,932.0,46.0,764.0,1687.0,328.0,171.0,1.0,805.0,68138.0
2020-08-08,157.0,18.0,611.0,259.0,479.0,167.0,659.0,935.0,1019.0,583.0,75.0,947.0,991.0,4007.0,147.0,205.0,367.0,1271.0,349.0,201.0,191.0,255.0,1276.0,258.0,824.0,932.0,46.0,766.0,1688.0,328.0,171.0,1.0,806.0,68139.0
2020-08-09,157.0,18.0,611.0,259.0,479.0,167.0,659.0,935.0,1019.0,583.0,75.0,947.0,991.0,4079.0,147.0,205.0,367.0,1272.0,349.0,201.0,191.0,255.0,1276.0,258.0,839.0,932.0,46.0,768.0,1693.0,328.0,171.0,1.0,806.0,68139.0
2020-08-10,157.0,18.0,615.0,261.0,479.0,167.0,659.0,935.0,1019.0,583.0,75.0,947.0,991.0,4148.0,147.0,205.0,367.0,1273.0,349.0,201.0,191.0,255.0,1276.0,258.0,853.0,932.0,46.0,786.0,1696.0,331.0,171.0,1.0,810.0,68139.0
2020-08-11,157.0,18.0,615.0,261.0,480.0,169.0,659.0,935.0,1019.0,583.0,75.0,948.0,991.0,4181.0,147.0,205.0,367.0,1274.0,350.0,201.0,191.0,255.0,1276.0,258.0,866.0,932.0,46.0,794.0,1699.0,340.0,171.0,1.0,816.0,68139.0
2020-08-12,157.0,18.0,616.0,261.0,480.0,169.0,659.0,935.0,1019.0,583.0,75.0,948.0,991.0,4243.0,147.0,205.0,368.0,1275.0,350.0,201.0,191.0,255.0,1276.0,259.0,875.0,932.0,46.0,798.0,1699.0,341.0,171.0,1.0,817.0,68139.0
2020-08-13,157.0,18.0,618.0,261.0,481.0,169.0,659.0,935.0,1019.0,583.0,75.0,948.0,991.0,4312.0,147.0,205.0,368.0,1275.0,351.0,201.0,191.0,255.0,1276.0,259.0,883.0,932.0,46.0,800.0,1707.0,341.0,171.0,1.0,821.0,68139.0
2020-08-14,157.0,18.0,619.0,261.0,481.0,169.0,659.0,935.0,1019.0,583.0,75.0,948.0,991.0,4360.0,147.0,205.0,368.0,1275.0,351.0,201.0,191.0,255.0,1276.0,259.0,891.0,932.0,46.0,816.0,1708.0,346.0,171.0,1.0,821.0,68139.0
2020-08-15,157.0,18.0,623.0,261.0,481.0,169.0,661.0,935.0,1019.0,583.0,75.0,948.0,991.0,4406.0,147.0,206.0,368.0,1275.0,351.0,201.0,191.0,255.0,1276.0,260.0,898.0,932.0,46.0,820.0,1709.0,348.0,171.0,1.0,821.0,68139.0
2020-08-16,157.0,18.0,624.0,261.0,484.0,169.0,661.0,935.0,1019.0,583.0,75.0,948.0,991.0,4480.0,147.0,207.0,369.0,1275.0,351.0,201.0,191.0,255.0,1276.0,260.0,902.0,932.0,46.0,825.0,1712.0,351.0,171.0,1.0,821.0,68139.0
2020-08-17,157.0,18.0,626.0,261.0,484.0,169.0,661.0,935.0,1019.0,583.0,75.0,948.0,991.0,4524.0,147.0,209.0,370.0,1275.0,351.0,201.0,195.0,255.0,1276.0,260.0,902.0,932.0,46.0,828.0,1720.0,354.0,171.0,1.0,822.0,68139.0
2020-08-18,157.0,18.0,626.0,261.0,486.0,169.0,664.0,935.0,1019.0,583.0,75.0,948.0,991.0,4560.0,147.0,209.0,370.0,1275.0,351.0,201.0,195.0,255.0,1276.0,260.0,902.0,932.0,46.0,842.0,1721.0,356.0,171.0,1.0,822.0,68139.0
2020-08-19,157.0,18.0,626.0,261.0,486.0,169.0,664.0,935.0,1019.0,583.0,75.0,948.0,991.0,4586.0,147.0,209.0,370.0,1277.0,351.0,201.0,195.0,255.0,1276.0,260.0,902.0,935.0,46.0,850.0,1725.0,358.0,171.0,1.0,823.0,68139.0
2020-08-20,157.0,18.0,627.0,261.0,486.0,169.0,664.0,935.0,1019.0,583.0,75.0,948.0,991.0,4604.0,147.0,214.0,370.0,1277.0,351.0,201.0,195.0,255.0,1276.0,260.0,902.0,935.0,46.0,851.0,1725.0,358.0,171.0,1.0,824.0,68139.0
2020-08-21,157.0,18.0,628.0,261.0,486.0,169.0,665.0,935.0,1019.0,583.0,75.0,948.0,991.0,4631.0,147.0,216.0,370.0,1277.0,351.0,201.0,195.0,255.0,1276.0,260.0,902.0,935.0,46.0,862.0,1725.0,358.0,171.0,1.0,827.0,68139.0
2020-08-22,157.0,18.0,628.0,261.0,487.0,169.0,665.0,935.0,1019.0,583.0,75.0,948.0,991.0,4657.0,147.0,216.0,371.0,1277.0,354.0,201.0,195.0,255.0,1276.0,260.0,902.0,935.0,46.0,875.0,1725.0,360.0,171.0,1.0,830.0,68139.0
2020-08-23,157.0,18.0,628.0,261.0,487.0,169.0,665.0,935.0,1019.0,583.0,75.0,948.0,991.0,4682.0,147.0,218.0,372.0,1277.0,359.0,201.0,195.0,255.0,1276.0,260.0,902.0,935.0,46.0,875.0,1727.0,362.0,171.0,1.0,830.0,68139.0
2020-08-24,157.0,18.0,631.0,261.0,487.0,169.0,665.0,935.0,1019.0,583.0,75.0,948.0,991.0,4691.0,147.0,218.0,375.0,1277.0,359.0,202.0,198.0,255.0,1276.0,260.0,902.0,935.0,46.0,880.0,1727.0,362.0,171.0,1.0,831.0,68139.0
2020-08-25,157.0,18.0,635.0,262.0,487.0,169.0,665.0,935.0,1019.0,583.0,75.0,948.0,991.0,4710.0,147.0,220.0,375.0,1277.0,360.0,202.0,198.0,255.0,1276.0,260.0,902.0,935.0,46.0,882.0,1730.0,364.0,171.0,1.0,831.0,68139.0
2020-08-26,157.0,18.0,640.0,262.0,487.0,169.0,665.0,935.0,1019.0,583.0,75.0,948.0,991.0,4735.0,147.0,220.0,375.0,1277.0,360.0,202.0,199.0,255.0,1276.0,260.0,902.0,935.0,46.0,886.0,1734.0,364.0,171.0,1.0,831.0,68139.0
2020-08-27,157.0,18.0,644.0,262.0,487.0,169.0,665.0,935.0,1019.0,583.0,75.0,948.0,991.0,4755.0,147.0,220.0,375.0,1277.0,362.0,202.0,199.0,255.0,1276.0,260.0,902.0,935.0,46.0,888.0,1734.0,364.0,171.0,1.0,831.0,68139.0
2020-08-28,157.0,18.0,648.0,262.0,487.0,169.0,665.0,935.0,1019.0,583.0,75.0,948.0,991.0,4768.0,147.0,220.0,376.0,1277.0,362.0,202.0,199.0,255.0,1276.0,260.0,902.0,935.0,46.0,891.0,1735.0,364.0,171.0,1.0,831.0,68139.0
2020-08-29,157.0,18.0,650.0,262.0,487.0,169.0,665.0,935.0,1019.0,583.0,75.0,948.0,991.0,4786.0,147.0,221.0,378.0,1277.0,362.0,202.0,199.0,255.0,1276.0,260.0,902.0,935.0,46.0,894.0,1737.0,364.0,171.0,1.0,831.0,68139.0
2020-08-30,157.0,18.0,652.0,262.0,488.0,169.0,665.0,935.0,1019.0,583.0,75.0,948.0,991.0,4801.0,147.0,221.0,380.0,1277.0,362.0,202.0,199.0,255.0,1276.0,260.0,902.0,935.0,46.0,897.0,1738.0,364.0,171.0,1.0,831.0,68139.0
2020-08-31,157.0,18.0,652.0,262.0,488.0,169.0,665.0,935.0,1019.0,583.0,75.0,948.0,991.0,4810.0,147.0,229.0,382.0,1278.0,362.0,203.0,199.0,255.0,1276.0,260.0,902.0,935.0,46.0,903.0,1739.0,365.0,171.0,1.0,831.0,68139.0
2020-09-01,157.0,18.0,652.0,262.0,488.0,169.0,665.0,935.0,1019.0,583.0,75.0,948.0,991.0,4822.0,147.0,229.0,383.0,1278.0,365.0,203.0,199.0,255.0,1276.0,261.0,902.0,935.0,46.0,904.0,1740.0,365.0,171.0,1.0,831.0,68139.0
2020-09-02,157.0,18.0,653.0,263.0,488.0,169.0,665.0,935.0,1019.0,583.0,75.0,948.0,991.0,4830.0,147.0,229.0,383.0,1278.0,365.0,203.0,199.0,255.0,1276.0,261.0,902.0,935.0,46.0,908.0,1742.0,365.0,171.0,1.0,831.0,68139.0
2020-09-03,157.0,18.0,655.0,263.0,489.0,169.0,665.0,935.0,1019.0,583.0,75.0,948.0,991.0,4838.0,147.0,229.0,383.0,1278.0,365.0,203.0,199.0,255.0,1276.0,261.0,902.0,935.0,46.0,908.0,1745.0,371.0,171.0,1.0,831.0,68139.0
2020-09-04,157.0,18.0,656.0,263.0,489.0,169.0,665.0,935.0,1019.0,583.0,75.0,948.0,991.0,4850.0,147.0,231.0,384.0,1278.0,365.0,203.0,199.0,257.0,1276.0,261.0,902.0,935.0,46.0,913.0,1758.0,373.0,171.0,1.0,831.0,68139.0
2020-09-05,157.0,18.0,656.0,263.0,492.0,170.0,665.0,935.0,1019.0,583.0,75.0,948.0,991.0,4857.0,147.0,231.0,385.0,1278.0,365.0,203.0,201.0,257.0,1276.0,261.0,902.0,935.0,46.0,916.0,1760.0,374.0,171.0,1.0,831.0,68139.0
2020-09-06,157.0,18.0,656.0,263.0,493.0,171.0,665.0,935.0,1019.0,583.0,75.0,948.0,991.0,4878.0,147.0,231.0,386.0,1278.0,365.0,203.0,201.0,257.0,1276.0,261.0,902.0,935.0,46.0,918.0,1763.0,377.0,171.0,1.0,831.0,68139.0
2020-09-07,157.0,18.0,658.0,263.0,494.0,171.0,665.0,935.0,1019.0,584.0,75.0,948.0,991.0,4889.0,147.0,233.0,386.0,1278.0,365.0,203.0,201.0,257.0,1276.0,261.0,902.0,935.0,46.0,922.0,1767.0,377.0,171.0,1.0,831.0,68139.0
2020-09-08,157.0,18.0,663.0,263.0,495.0,171.0,665.0,935.0,1019.0,584.0,75.0,948.0,991.0,4895.0,147.0,233.0,387.0,1278.0,365.0,203.0,201.0,257.0,1276.0,261.0,902.0,935.0,46.0,922.0,1769.0,378.0,171.0,1.0,831.0,68139.0
2020-09-09,157.0,18.0,664.0,263.0,495.0,171.0,665.0,935.0,1019.0,584.0,75.0,948.0,991.0,4895.0,147.0,233.0,387.0,1278.0,365.0,203.0,201.0,257.0,1276.0,261.0,902.0,935.0,46.0,923.0,1769.0,378.0,171.0,1.0,831.0,68139.0
2020-09-10,157.0,18.0,664.0,263.0,495.0,171.0,665.0,935.0,1019.0,584.0,75.0,948.0,991.0,4913.0,147.0,233.0,387.0,1278.0,365.0,203.0,201.0,257.0,1276.0,261.0,902.0,935.0,46.0,929.0,1770.0,378.0,171.0,1.0,831.0,68139.0
2020-09-11,157.0,18.0,665.0,264.0,498.0,170.0,665.0,935.0,1019.0,584.0,75.0,948.0,991.0,4925.0,147.0,233.0,387.0,1278.0,365.0,203.0,201.0,257.0,1276.0,261.0,902.0,935.0,46.0,937.0,1774.0,379.0,171.0,1.0,831.0,68139.0
2020-09-12,157.0,18.0,665.0,264.0,498.0,170.0,665.0,935.0,1019.0,584.0,75.0,948.0,991.0,4938.0,147.0,234.0,388.0,1278.0,365.0,203.0,201.0,257.0,1276.0,261.0,902.0,935.0,46.0,939.0,1776.0,380.0,171.0,1.0,831.0,68139.0
2020-09-13,157.0,18.0,665.0,264.0,498.0,170.0,665.0,935.0,1019.0,584.0,75.0,948.0,991.0,4957.0,147.0,234.0,388.0,1280.0,365.0,203.0,201.0,258.0,1277.0,261.0,902.0,935.0,46.0,942.0,1777.0,381.0,171.0,1.0,831.0,68139.0
2020-09-14,157.0,18.0,665.0,264.0,499.0,170.0,665.0,935.0,1019.0,584.0,75.0,948.0,991.0,4971.0,147.0,234.0,390.0,1280.0,365.0,203.0,203.0,258.0,1277.0,261.0,902.0,935.0,46.0,947.0,1778.0,381.0,171.0,1.0,831.0,68139.0
2020-09-15,157.0,18.0,666.0,264.0,499.0,170.0,665.0,935.0,1019.0,584.0,75.0,948.0,991.0,4975.0,147.0,234.0,390.0,1281.0,365.0,203.0,204.0,258.0,1277.0,261.0,902.0,935.0,46.0,948.0,1782.0,381.0,171.0,1.0,831.0,68139.0
2020-09-16,157.0,18.0,670.0,264.0,500.0,170.0,665.0,935.0,1019.0,584.0,75.0,948.0,991.0,4984.0,147.0,234.0,392.0,1282.0,365.0,203.0,205.0,258.0,1277.0,261.0,902.0,935.0,46.0,950.0,1783.0,382.0,171.0,1.0,831.0,68139.0
2020-09-17,157.0,18.0,670.0,264.0,500.0,170.0,665.0,935.0,1019.0,584.0,75.0,948.0,991.0,4993.0,147.0,234.0,392.0,1282.0,365.0,203.0,206.0,258.0,1278.0,261.0,902.0,935.0,46.0,954.0,1784.0,384.0,171.0,1.0,831.0,68139.0
2020-09-18,157.0,18.0,670.0,264.0,503.0,170.0,665.0,935.0,1019.0,584.0,75.0,948.0,991.0,4996.0,147.0,237.0,393.0,1282.0,365.0,203.0,206.0,258.0,1278.0,261.0,902.0,935.0,46.0,966.0,1787.0,397.0,171.0,1.0,831.0,68139.0
2020-09-19,157.0,18.0,672.0,265.0,506.0,170.0,665.0,935.0,1019.0,584.0,75.0,948.0,991.0,5009.0,147.0,237.0,394.0,1282.0,365.0,203.0,206.0,258.0,1278.0,261.0,902.0,935.0,46.0,968.0,1793.0,399.0,171.0,1.0,831.0,68139.0
2020-09-20,157.0,18.0,672.0,265.0,507.0,170.0,665.0,935.0,1019.0,584.0,75.0,948.0,991.0,5032.0,147.0,237.0,395.0,1282.0,365.0,203.0,206.0,258.0,1279.0,261.0,902.0,935.0,46.0,972.0,1797.0,399.0,171.0,1.0,831.0,68139.0
2020-09-21,157.0,18.0,672.0,265.0,509.0,170.0,665.0,935.0,1019.0,584.0,75.0,948.0,991.0,5038.0,147.0,238.0,396.0,1282.0,365.0,203.0,208.0,258.0,1279.0,263.0,902.0,935.0,46.0,974.0,1800.0,401.0,171.0,1.0,831.0,68139.0
2020-09-22,157.0,18.0,672.0,265.0,509.0,170.0,665.0,935.0,1019.0,584.0,75.0,948.0,991.0,5046.0,147.0,238.0,396.0,1282.0,365.0,203.0,209.0,258.0,1279.0,263.0,902.0,935.0,46.0,975.0,1803.0,401.0,171.0,1.0,831.0,68139.0
2020-09-23,157.0,18.0,675.0,265.0,509.0,170.0,665.0,935.0,1019.0,584.0,75.0,948.0,991.0,5049.0,147.0,239.0,396.0,1282.0,365.0,203.0,209.0,258.0,1280.0,263.0,902.0,935.0,46.0,975.0,1807.0,401.0,171.0,1.0,832.0,68139.0
2020-09-24,157.0,18.0,675.0,267.0,509.0,170.0,666.0,935.0,1019.0,584.0,75.0,948.0,991.0,5056.0,147.0,239.0,396.0,1282.0,365.0,203.0,209.0,259.0,1280.0,263.0,902.0,935.0,46.0,977.0,1807.0,402.0,171.0,1.0,832.0,68139.0
2020-09-25,157.0,18.0,676.0,267.0,510.0,170.0,666.0,936.0,1019.0,584.0,75.0,948.0,991.0,5058.0,147.0,239.0,396.0,1282.0,365.0,203.0,209.0,259.0,1280.0,263.0,902.0,935.0,46.0,981.0,1809.0,402.0,171.0,1.0,832.0,68139.0
2020-09-26,157.0,18.0,685.0,267.0,510.0,170.0,666.0,936.0,1019.0,584.0,75.0,948.0,991.0,5059.0,147.0,240.0,397.0,1282.0,365.0,203.0,209.0,259.0,1280.0,263.0,902.0,935.0,46.0,981.0,1812.0,403.0,171.0,1.0,832.0,68139.0
2020-09-27,157.0,18.0,688.0,271.0,510.0,170.0,666.0,936.0,1019.0,584.0,75.0,948.0,991.0,5065.0,147.0,240.0,401.0,1282.0,365.0,203.0,209.0,259.0,1280.0,263.0,902.0,935.0,46.0,982.0,1814.0,403.0,171.0,1.0,832.0,68139.0
2020-09-28,157.0,18.0,688.0,271.0,510.0,170.0,666.0,936.0,1019.0,584.0,75.0,948.0,991.0,5075.0,147.0,240.0,403.0,1282.0,365.0,204.0,209.0,259.0,1280.0,266.0,902.0,935.0,46.0,992.0,1819.0,403.0,171.0,1.0,832.0,68139.0
2020-09-29,157.0,18.0,691.0,271.0,513.0,170.0,666.0,936.0,1019.0,584.0,75.0,948.0,991.0,5079.0,147.0,240.0,404.0,1282.0,365.0,204.0,209.0,259.0,1280.0,266.0,902.0,935.0,46.0,997.0,1819.0,406.0,171.0,1.0,832.0,68139.0
2020-09-30,157.0,18.0,692.0,271.0,513.0,170.0,666.0,936.0,1019.0,584.0,75.0,948.0,991.0,5087.0,147.0,240.0,409.0,1282.0,365.0,204.0,209.0,259.0,1281.0,266.0,902.0,935.0,46.0,999.0,1827.0,408.0,171.0,1.0,832.0,68139.0
2020-10-01,157.0,18.0,693.0,271.0,514.0,170.0,666.0,936.0,1019.0,584.0,75.0,948.0,991.0,5097.0,147.0,240.0,409.0,1282.0,365.0,204.0,209.0,259.0,1281.0,266.0,902.0,935.0,46.0,1006.0,1827.0,409.0,171.0,1.0,832.0,68139.0
2020-10-02,157.0,18.0,696.0,271.0,515.0,170.0,666.0,936.0,1019.0,585.0,75.0,948.0,991.0,5097.0,147.0,240.0,411.0,1282.0,365.0,204.0,209.0,259.0,1281.0,266.0,902.0,935.0,46.0,1007.0,1831.0,410.0,171.0,1.0,832.0,68139.0
2020-10-03,157.0,18.0,698.0,271.0,517.0,170.0,666.0,936.0,1019.0,585.0,75.0,948.0,991.0,5108.0,147.0,240.0,411.0,1282.0,365.0,204.0,209.0,259.0,1281.0,266.0,902.0,935.0,46.0,1011.0,1834.0,411.0,171.0,1.0,832.0,68139.0
2020-10-04,157.0,18.0,701.0,271.0,517.0,170.0,666.0,936.0,1019.0,585.0,75.0,948.0,991.0,5113.0,147.0,241.0,411.0,1282.0,365.0,204.0,211.0,260.0,1281.0,266.0,902.0,935.0,46.0,1012.0,1840.0,413.0,171.0,1.0,832.0,68139.0
2020-10-05,157.0,18.0,704.0,271.0,518.0,170.0,667.0,936.0,1019.0,585.0,75.0,948.0,991.0,5124.0,147.0,241.0,413.0,1282.0,365.0,205.0,211.0,260.0,1281.0,268.0,902.0,935.0,46.0,1022.0,1841.0,413.0,171.0,1.0,832.0,68139.0
2020-10-06,157.0,18.0,707.0,271.0,521.0,170.0,667.0,936.0,1019.0,585.0,75.0,948.0,991.0,5132.0,147.0,242.0,413.0,1282.0,365.0,205.0,211.0,260.0,1281.0,268.0,902.0,935.0,46.0,1024.0,1846.0,414.0,171.0,1.0,832.0,68139.0
2020-10-07,157.0,18.0,710.0,271.0,521.0,170.0,667.0,936.0,1019.0,585.0,75.0,948.0,991.0,5143.0,147.0,242.0,413.0,1282.0,365.0,206.0,211.0,260.0,1281.0,268.0,902.0,935.0,46.0,1025.0,1848.0,414.0,171.0,1.0,832.0,68139.0
2020-10-08,157.0,18.0,713.0,271.0,523.0,170.0,667.0,936.0,1019.0,585.0,75.0,948.0,991.0,5143.0,147.0,242.0,414.0,1283.0,365.0,206.0,211.0,260.0,1281.0,268.0,902.0,935.0,46.0,1030.0,1848.0,415.0,171.0,1.0,832.0,68139.0
2020-10-09,157.0,18.0,713.0,273.0,524.0,170.0,667.0,936.0,1019.0,585.0,75.0,948.0,991.0,5169.0,147.0,242.0,414.0,1283.0,365.0,206.0,211.0,260.0,1281.0,268.0,902.0,935.0,46.0,1036.0,1851.0,425.0,171.0,1.0,832.0,68139.0
2020-10-10,157.0,18.0,718.0,275.0,527.0,170.0,667.0,936.0,1019.0,585.0,75.0,948.0,991.0,5175.0,147.0,244.0,414.0,1283.0,365.0,206.0,211.0,260.0,1281.0,268.0,902.0,935.0,46.0,1038.0,1852.0,428.0,171.0,1.0,832.0,68139.0
2020-10-11,157.0,18.0,721.0,276.0,527.0,170.0,667.0,936.0,1019.0,585.0,75.0,948.0,991.0,5182.0,147.0,244.0,415.0,1283.0,365.0,206.0,211.0,260.0,1281.0,268.0,902.0,935.0,46.0,1048.0,1858.0,428.0,171.0,1.0,832.0,68139.0
2020-10-12,157.0,18.0,722.0,280.0,529.0,170.0,667.0,937.0,1019.0,585.0,75.0,948.0,991.0,5193.0,147.0,245.0,416.0,1283.0,367.0,208.0,211.0,260.0,1281.0,269.0,902.0,935.0,46.0,1053.0,1861.0,428.0,171.0,1.0,838.0,68139.0
2020-10-13,157.0,18.0,723.0,280.0,530.0,170.0,667.0,937.0,1019.0,585.0,75.0,948.0,991.0,5201.0,147.0,245.0,416.0,1283.0,367.0,208.0,211.0,260.0,1281.0,270.0,902.0,935.0,46.0,1056.0,1863.0,428.0,171.0,1.0,838.0,68139.0
2020-10-14,157.0,18.0,723.0,280.0,530.0,170.0,667.0,937.0,1019.0,585.0,75.0,948.0,991.0,5201.0,147.0,245.0,416.0,1283.0,367.0,208.0,211.0,260.0,1281.0,270.0,902.0,935.0,46.0,1061.0,1869.0,431.0,171.0,1.0,844.0,68139.0
2020-10-15,157.0,18.0,723.0,280.0,530.0,170.0,667.0,937.0,1019.0,585.0,75.0,948.0,991.0,5213.0,147.0,245.0,416.0,1283.0,368.0,208.0,211.0,260.0,1281.0,270.0,902.0,935.0,46.0,1064.0,1873.0,433.0,171.0,1.0,845.0,68139.0
2020-10-16,157.0,18.0,723.0,280.0,531.0,170.0,669.0,937.0,1019.0,586.0,75.0,948.0,991.0,5220.0,147.0,247.0,417.0,1283.0,368.0,208.0,211.0,260.0,1281.0,275.0,902.0,935.0,46.0,1075.0,1875.0,433.0,171.0,1.0,845.0,68139.0
2020-10-17,157.0,18.0,724.0,280.0,535.0,170.0,669.0,937.0,1019.0,586.0,75.0,948.0,991.0,5220.0,147.0,251.0,417.0,1283.0,368.0,208.0,211.0,260.0,1281.0,275.0,902.0,935.0,46.0,1080.0,1877.0,434.0,171.0,1.0,845.0,68139.0
2020-10-18,157.0,18.0,725.0,280.0,535.0,170.0,669.0,937.0,1019.0,586.0,75.0,948.0,991.0,5237.0,147.0,252.0,417.0,1283.0,368.0,208.0,211.0,260.0,1281.0,275.0,902.0,935.0,46.0,1085.0,1881.0,436.0,171.0,1.0,845.0,68139.0
2020-10-19,157.0,18.0,725.0,280.0,535.0,170.0,669.0,937.0,1019.0,586.0,75.0,948.0,991.0,5256.0,147.0,256.0,417.0,1283.0,368.0,209.0,211.0,260.0,1281.0,275.0,902.0,935.0,46.0,1090.0,1884.0,438.0,171.0,1.0,845.0,68139.0
2020-10-20,157.0,18.0,728.0,280.0,540.0,170.0,670.0,938.0,1019.0,587.0,75.0,948.0,991.0,5256.0,147.0,256.0,418.0,1283.0,368.0,209.0,211.0,260.0,1281.0,275.0,902.0,935.0,46.0,1095.0,1889.0,438.0,171.0,1.0,845.0,68139.0
2020-10-21,157.0,18.0,731.0,280.0,544.0,170.0,670.0,938.0,1019.0,587.0,75.0,948.0,991.0,5269.0,147.0,256.0,419.0,1283.0,368.0,209.0,211.0,260.0,1283.0,275.0,902.0,935.0,46.0,1097.0,1892.0,438.0,171.0,1.0,845.0,68139.0
2020-10-22,157.0,18.0,733.0,280.0,548.0,170.0,670.0,938.0,1019.0,587.0,75.0,948.0,991.0,5280.0,147.0,256.0,420.0,1283.0,368.0,209.0,211.0,260.0,1283.0,275.0,902.0,935.0,46.0,1105.0,1895.0,438.0,171.0,1.0,845.0,68139.0
2020-10-23,157.0,18.0,733.0,280.0,548.0,170.0,670.0,938.0,1019.0,589.0,75.0,948.0,991.0,5284.0,147.0,256.0,427.0,1283.0,368.0,209.0,211.0,260.0,1283.0,275.0,902.0,935.0,46.0,1114.0,1895.0,438.0,171.0,1.0,845.0,68139.0
2020-10-24,157.0,18.0,733.0,280.0,548.0,170.0,670.0,940.0,1019.0,589.0,75.0,948.0,991.0,5289.0,147.0,259.0,429.0,1283.0,368.0,209.0,211.0,260.0,1283.0,275.0,902.0,935.0,46.0,1123.0,1904.0,444.0,171.0,1.0,845.0,68139.0
2020-10-25,157.0,18.0,733.0,283.0,550.0,170.0,670.0,940.0,1019.0,589.0,75.0,948.0,991.0,5295.0,147.0,260.0,429.0,1283.0,368.0,211.0,211.0,260.0,1283.0,275.0,902.0,935.0,46.0,1128.0,1907.0,442.0,171.0,1.0,845.0,68139.0
2020-10-26,157.0,18.0,734.0,283.0,550.0,170.0,670.0,940.0,1019.0,589.0,75.0,948.0,991.0,5295.0,147.0,260.0,430.0,1283.0,369.0,212.0,211.0,260.0,1283.0,277.0,902.0,935.0,46.0,1139.0,1908.0,444.0,171.0,1.0,845.0,68139.0
2020-10-27,157.0,18.0,736.0,283.0,550.0,170.0,670.0,941.0,1019.0,589.0,75.0,949.0,991.0,5308.0,147.0,260.0,431.0,1283.0,371.0,212.0,211.0,260.0,1283.0,278.0,907.0,935.0,46.0,1142.0,1909.0,447.0,171.0,1.0,846.0,68139.0
2020-10-28,157.0,18.0,737.0,283.0,550.0,170.0,670.0,941.0,1019.0,589.0,75.0,949.0,991.0,5310.0,147.0,261.0,431.0,1283.0,372.0,212.0,211.0,260.0,1284.0,279.0,924.0,935.0,46.0,1149.0,1911.0,453.0,171.0,1.0,846.0,68139.0
2020-10-29,157.0,18.0,737.0,283.0,553.0,170.0,672.0,942.0,1019.0,589.0,75.0,949.0,991.0,5313.0,147.0,263.0,432.0,1283.0,372.0,212.0,211.0,260.0,1284.0,287.0,947.0,935.0,46.0,1155.0,1914.0,454.0,171.0,1.0,846.0,68139.0
2020-10-30,157.0,18.0,739.0,283.0,554.0,170.0,672.0,942.0,1019.0,589.0,75.0,949.0,991.0,5320.0,147.0,265.0,436.0,1283.0,372.0,212.0,212.0,260.0,1284.0,287.0,947.0,935.0,46.0,1168.0,1916.0,454.0,171.0,1.0,847.0,68139.0
2020-10-31,157.0,18.0,743.0,283.0,554.0,170.0,672.0,942.0,1020.0,589.0,75.0,949.0,991.0,5320.0,147.0,270.0,436.0,1286.0,373.0,212.0,213.0,260.0,1284.0,288.0,953.0,935.0,46.0,1176.0,1919.0,454.0,171.0,1.0,847.0,68139.0
2020-11-01,157.0,18.0,744.0,283.0,558.0,177.0,672.0,942.0,1020.0,589.0,75.0,949.0,991.0,5330.0,147.0,270.0,437.0,1286.0,373.0,212.0,213.0,260.0,1284.0,291.0,956.0,935.0,46.0,1181.0,1922.0,455.0,171.0,1.0,847.0,68139.0
2020-11-02,157.0,18.0,746.0,283.0,563.0,180.0,673.0,942.0,1020.0,589.0,75.0,949.0,991.0,5336.0,147.0,271.0,437.0,1286.0,373.0,215.0,213.0,260.0,1284.0,291.0,959.0,935.0,46.0,1187.0,1927.0,455.0,171.0,1.0,847.0,68139.0
2020-11-03,157.0,18.0,754.0,283.0,567.0,180.0,674.0,944.0,1020.0,589.0,75.0,949.0,991.0,5345.0,147.0,273.0,441.0,1287.0,373.0,215.0,213.0,260.0,1284.0,295.0,964.0,935.0,46.0,1196.0,1935.0,455.0,171.0,1.0,848.0,68143.0
2020-11-04,157.0,18.0,757.0,283.0,567.0,180.0,674.0,944.0,1020.0,589.0,75.0,949.0,991.0,5348.0,147.0,273.0,443.0,1287.0,373.0,215.0,213.0,260.0,1284.0,297.0,966.0,935.0,46.0,1200.0,1938.0,456.0,171.0,1.0,848.0,68143.0
2020-11-05,157.0,18.0,761.0,283.0,569.0,180.0,674.0,945.0,1020.0,589.0,75.0,949.0,991.0,5355.0,147.0,273.0,444.0,1287.0,373.0,215.0,213.0,260.0,1286.0,298.0,974.0,935.0,46.0,1208.0,1938.0,459.0,171.0,1.0,848.0,68143.0
2020-11-06,157.0,18.0,763.0,284.0,573.0,180.0,674.0,945.0,1020.0,589.0,75.0,949.0,991.0,5361.0,147.0,275.0,446.0,1288.0,373.0,216.0,214.0,260.0,1286.0,300.0,980.0,935.0,46.0,1223.0,1941.0,459.0,171.0,1.0,848.0,68143.0
2020-11-07,157.0,18.0,767.0,284.0,573.0,180.0,674.0,945.0,1020.0,589.0,75.0,949.0,991.0,5364.0,147.0,275.0,455.0,1288.0,373.0,216.0,214.0,260.0,1286.0,303.0,980.0,935.0,46.0,1234.0,1943.0,463.0,171.0,1.0,848.0,68143.0
2020-11-08,157.0,18.0,769.0,284.0,577.0,180.0,674.0,945.0,1020.0,589.0,75.0,949.0,991.0,5374.0,147.0,275.0,456.0,1290.0,373.0,217.0,214.0,260.0,1286.0,303.0,980.0,935.0,46.0,1241.0,1945.0,472.0,171.0,1.0,848.0,68147.0
2020-11-09,157.0,18.0,773.0,285.0,577.0,180.0,675.0,945.0,1020.0,589.0,75.0,949.0,991.0,5380.0,147.0,276.0,456.0,1290.0,373.0,218.0,214.0,260.0,1286.0,305.0,980.0,935.0,46.0,1254.0,1949.0,478.0,171.0,1.0,848.0,68147.0
2020-11-10,157.0,18.0,776.0,285.0,580.0,180.0,675.0,947.0,1020.0,589.0,75.0,949.0,992.0,5389.0,147.0,277.0,459.0,1291.0,373.0,218.0,214.0,260.0,1286.0,305.0,980.0,935.0,46.0,1259.0,1955.0,479.0,171.0,1.0,848.0,68147.0
2020-11-11,157.0,18.0,778.0,286.0,580.0,180.0,676.0,947.0,1020.0,589.0,75.0,949.0,992.0,5407.0,147.0,283.0,459.0,1291.0,373.0,218.0,214.0,260.0,1286.0,305.0,980.0,935.0,46.0,1264.0,1955.0,480.0,171.0,1.0,848.0,68147.0
2020-11-12,157.0,18.0,782.0,286.0,589.0,180.0,676.0,947.0,1020.0,589.0,75.0,949.0,992.0,5430.0,147.0,285.0,460.0,1291.0,373.0,218.0,214.0,260.0,1286.0,306.0,980.0,935.0,46.0,1268.0,1956.0,482.0,171.0,1.0,848.0,68147.0
2020-11-13,157.0,18.0,783.0,286.0,597.0,181.0,676.0,947.0,1020.0,589.0,75.0,949.0,992.0,5436.0,147.0,285.0,460.0,1291.0,373.0,218.0,214.0,260.0,1287.0,307.0,980.0,935.0,46.0,1271.0,1956.0,483.0,171.0,1.0,848.0,68147.0
2020-11-14,157.0,18.0,783.0,288.0,597.0,181.0,676.0,947.0,1020.0,589.0,75.0,949.0,992.0,5436.0,147.0,287.0,461.0,1291.0,373.0,218.0,214.0,260.0,1287.0,307.0,980.0,935.0,46.0,1276.0,1963.0,484.0,171.0,1.0,848.0,68147.0
2020-11-15,157.0,18.0,783.0,288.0,602.0,181.0,676.0,947.0,1020.0,589.0,75.0,949.0,992.0,5458.0,147.0,289.0,461.0,1291.0,373.0,218.0,217.0,260.0,1288.0,307.0,980.0,935.0,46.0,1277.0,1966.0,486.0,171.0,1.0,848.0,68148.0
2020-11-16,157.0,18.0,786.0,288.0,602.0,181.0,677.0,947.0,1020.0,589.0,75.0,949.0,992.0,5458.0,147.0,289.0,461.0,1291.0,373.0,219.0,217.0,260.0,1288.0,307.0,980.0,935.0,46.0,1277.0,1968.0,487.0,171.0,1.0,848.0,68148.0
2020-11-17,157.0,18.0,792.0,288.0,605.0,181.0,677.0,947.0,1020.0,589.0,75.0,949.0,992.0,5470.0,147.0,290.0,461.0,1291.0,373.0,219.0,217.0,260.0,1288.0,307.0,980.0,935.0,46.0,1281.0,1971.0,487.0,171.0,1.0,848.0,68148.0
2020-11-18,157.0,18.0,792.0,289.0,607.0,181.0,677.0,947.0,1020.0,589.0,75.0,949.0,992.0,5479.0,147.0,291.0,461.0,1291.0,373.0,220.0,217.0,260.0,1288.0,307.0,980.0,935.0,46.0,1285.0,1972.0,487.0,171.0,1.0,849.0,68148.0
2020-11-19,157.0,18.0,795.0,289.0,609.0,181.0,677.0,947.0,1020.0,590.0,75.0,949.0,992.0,5491.0,147.0,291.0,463.0,1292.0,373.0,220.0,217.0,262.0,1288.0,308.0,980.0,935.0,46.0,1286.0,1973.0,487.0,171.0,1.0,849.0,68148.0
2020-11-20,157.0,18.0,796.0,289.0,611.0,181.0,677.0,948.0,1020.0,590.0,75.0,949.0,992.0,5517.0,147.0,295.0,469.0,1292.0,373.0,220.0,217.0,262.0,1288.0,308.0,980.0,935.0,46.0,1290.0,1975.0,490.0,171.0,1.0,849.0,68148.0
2020-11-21,157.0,18.0,796.0,289.0,611.0,181.0,677.0,948.0,1020.0,590.0,75.0,949.0,992.0,5560.0,147.0,296.0,469.0,1292.0,373.0,220.0,217.0,262.0,1288.0,310.0,980.0,935.0,46.0,1301.0,1975.0,490.0,171.0,1.0,849.0,68148.0
2020-11-22,157.0,18.0,797.0,289.0,617.0,181.0,677.0,949.0,1020.0,590.0,75.0,949.0,992.0,5628.0,147.0,297.0,473.0,1293.0,373.0,220.0,217.0,263.0,1288.0,310.0,980.0,935.0,46.0,1305.0,1975.0,492.0,171.0,1.0,849.0,68148.0
2020-11-23,157.0,18.0,797.0,289.0,618.0,181.0,677.0,950.0,1020.0,590.0,75.0,949.0,992.0,5701.0,147.0,298.0,474.0,1293.0,373.0,220.0,217.0,263.0,1288.0,310.0,980.0,935.0,46.0,1308.0,1979.0,493.0,171.0,1.0,849.0,68148.0
2020-11-24,157.0,18.0,800.0,289.0,618.0,181.0,679.0,950.0,1020.0,590.0,75.0,949.0,992.0,5781.0,147.0,299.0,478.0,1293.0,373.0,220.0,217.0,263.0,1289.0,311.0,980.0,935.0,46.0,1312.0,1983.0,495.0,171.0,1.0,849.0,68148.0
2020-11-25,157.0,18.0,800.0,289.0,623.0,181.0,679.0,950.0,1020.0,590.0,75.0,949.0,992.0,5866.0,147.0,299.0,479.0,1293.0,373.0,220.0,217.0,263.0,1289.0,311.0,980.0,935.0,46.0,1314.0,1984.0,496.0,171.0,1.0,849.0,68148.0
2020-11-26,157.0,18.0,801.0,289.0,625.0,181.0,680.0,950.0,1020.0,590.0,75.0,949.0,992.0,5947.0,147.0,299.0,480.0,1293.0,373.0,220.0,217.0,263.0,1289.0,320.0,980.0,935.0,46.0,1319.0,1988.0,496.0,171.0,1.0,849.0,68148.0
2020-11-27,157.0,18.0,801.0,289.0,639.0,181.0,680.0,950.0,1020.0,590.0,75.0,949.0,992.0,6039.0,147.0,299.0,481.0,1293.0,373.0,220.0,217.0,263.0,1289.0,320.0,980.0,935.0,46.0,1322.0,1988.0,497.0,171.0,1.0,849.0,68148.0
2020-11-28,157.0,18.0,802.0,289.0,648.0,181.0,680.0,950.0,1020.0,590.0,75.0,949.0,992.0,6123.0,147.0,300.0,483.0,1294.0,373.0,220.0,218.0,263.0,1289.0,320.0,980.0,935.0,46.0,1322.0,1988.0,497.0,171.0,1.0,849.0,68148.0
2020-11-29,157.0,18.0,803.0,289.0,651.0,182.0,680.0,950.0,1020.0,590.0,75.0,949.0,992.0,6238.0,147.0,300.0,487.0,1294.0,373.0,220.0,219.0,263.0,1289.0,320.0,980.0,935.0,46.0,1325.0,1988.0,498.0,171.0,1.0,849.0,68148.0
2020-11-30,157.0,18.0,806.0,289.0,675.0,182.0,680.0,950.0,1020.0,590.0,75.0,949.0,992.0,6314.0,147.0,300.0,487.0,1294.0,373.0,221.0,219.0,263.0,1289.0,323.0,980.0,935.0,46.0,1330.0,1989.0,498.0,171.0,1.0,854.0,68148.0
2020-12-01,157.0,18.0,808.0,289.0,679.0,182.0,680.0,951.0,1020.0,590.0,75.0,949.0,992.0,6396.0,147.0,300.0,489.0,1294.0,373.0,221.0,219.0,263.0,1289.0,327.0,980.0,935.0,46.0,1332.0,1989.0,499.0,171.0,1.0,854.0,68148.0
2020-12-02,157.0,18.0,808.0,289.0,685.0,182.0,680.0,951.0,1020.0,590.0,75.0,949.0,992.0,6499.0,147.0,300.0,490.0,1294.0,373.0,221.0,219.0,263.0,1290.0,329.0,980.0,935.0,46.0,1333.0,1992.0,500.0,171.0,1.0,854.0,68148.0
2020-12-03,157.0,18.0,808.0,289.0,686.0,182.0,680.0,951.0,1020.0,590.0,75.0,949.0,992.0,6589.0,147.0,300.0,490.0,1294.0,373.0,221.0,219.0,263.0,1290.0,330.0,980.0,935.0,46.0,1341.0,1996.0,501.0,171.0,1.0,856.0,68149.0
2020-12-04,157.0,18.0,808.0,289.0,690.0,182.0,680.0,951.0,1020.0,590.0,75.0,949.0,992.0,6701.0,147.0,300.0,492.0,1294.0,373.0,221.0,219.0,263.0,1292.0,333.0,980.0,935.0,46.0,1350.0,1997.0,501.0,171.0,1.0,857.0,68149.0
2020-12-05,157.0,18.0,811.0,289.0,693.0,182.0,680.0,952.0,1020.0,590.0,75.0,949.0,992.0,6802.0,147.0,300.0,493.0,1294.0,373.0,222.0,219.0,263.0,1295.0,333.0,980.0,935.0,46.0,1353.0,2000.0,501.0,171.0,1.0,857.0,68149.0
2020-12-06,157.0,18.0,812.0,289.0,694.0,182.0,680.0,952.0,1020.0,590.0,75.0,949.0,992.0,6802.0,147.0,301.0,499.0,1294.0,373.0,222.0,220.0,263.0,1295.0,333.0,980.0,935.0,46.0,1359.0,2002.0,502.0,171.0,1.0,857.0,68149.0
2020-12-07,157.0,18.0,812.0,289.0,694.0,182.0,680.0,952.0,1020.0,590.0,75.0,949.0,992.0,6802.0,147.0,301.0,499.0,1294.0,373.0,222.0,220.0,263.0,1295.0,333.0,980.0,935.0,46.0,1359.0,2002.0,502.0,171.0,1.0,857.0,68149.0
2020-12-08,157.0,18.0,812.0,289.0,694.0,182.0,680.0,952.0,1020.0,590.0,75.0,949.0,992.0,6802.0,147.0,301.0,499.0,1294.0,373.0,222.0,220.0,263.0,1295.0,333.0,980.0,935.0,46.0,1359.0,2002.0,502.0,171.0,1.0,857.0,68149.0
2020-12-09,157.0,18.0,822.0,289.0,720.0,182.0,681.0,952.0,1020.0,590.0,75.0,949.0,992.0,7179.0,147.0,301.0,500.0,1295.0,373.0,222.0,221.0,264.0,1295.0,336.0,980.0,935.0,46.0,1376.0,2009.0,502.0,171.0,1.0,857.0,68149.0
2020-12-10,157.0,18.0,822.0,289.0,724.0,182.0,681.0,952.0,1020.0,590.0,75.0,949.0,992.0,7291.0,147.0,301.0,501.0,1295.0,373.0,222.0,221.0,264.0,1295.0,337.0,980.0,935.0,46.0,1385.0,2010.0,502.0,171.0,1.0,857.0,68149.0
2020-12-11,157.0,18.0,826.0,289.0,725.0,182.0,681.0,952.0,1020.0,590.0,75.0,951.0,992.0,7377.0,147.0,301.0,501.0,1295.0,373.0,222.0,222.0,264.0,1295.0,337.0,980.0,935.0,46.0,1390.0,2013.0,502.0,171.0,1.0,857.0,68149.0
2020-12-12,157.0,18.0,826.0,289.0,725.0,182.0,683.0,952.0,1020.0,590.0,75.0,951.0,992.0,7377.0,147.0,302.0,502.0,1296.0,373.0,222.0,223.0,264.0,1295.0,337.0,980.0,935.0,46.0,1395.0,2015.0,502.0,171.0,1.0,857.0,68149.0
2020-12-13,157.0,18.0,829.0,289.0,736.0,182.0,684.0,954.0,1020.0,590.0,75.0,956.0,992.0,7541.0,147.0,302.0,502.0,1296.0,373.0,222.0,224.0,264.0,1295.0,337.0,980.0,935.0,46.0,1405.0,2016.0,502.0,171.0,1.0,858.0,68149.0
2020-12-14,157.0,18.0,832.0,289.0,740.0,182.0,684.0,955.0,1020.0,590.0,75.0,958.0,992.0,7623.0,147.0,302.0,502.0,1297.0,373.0,222.0,224.0,264.0,1295.0,338.0,980.0,935.0,46.0,1412.0,2017.0,502.0,171.0,1.0,858.0,68149.0
2020-12-15,157.0,18.0,838.0,289.0,742.0,182.0,684.0,956.0,1020.0,590.0,75.0,960.0,992.0,7721.0,147.0,302.0,502.0,1297.0,373.0,222.0,224.0,264.0,1295.0,342.0,980.0,935.0,46.0,1415.0,2018.0,502.0,171.0,1.0,858.0,68149.0
2020-12-16,157.0,18.0,838.0,289.0,749.0,182.0,684.0,957.0,1020.0,590.0,75.0,960.0,992.0,7803.0,147.0,303.0,503.0,1297.0,373.0,222.0,226.0,264.0,1295.0,342.0,980.0,935.0,46.0,1418.0,2021.0,502.0,171.0,1.0,859.0,68149.0
2020-12-17,157.0,18.0,838.0,289.0,757.0,182.0,684.0,957.0,1020.0,590.0,75.0,960.0,992.0,7899.0,147.0,303.0,503.0,1297.0,373.0,222.0,226.0,264.0,1295.0,342.0,980.0,935.0,46.0,1424.0,2022.0,502.0,171.0,1.0,859.0,68149.0
2020-12-18,157.0,18.0,839.0,289.0,759.0,182.0,684.0,957.0,1020.0,590.0,75.0,960.0,992.0,7969.0,147.0,303.0,503.0,1297.0,373.0,223.0,227.0,264.0,1296.0,342.0,980.0,935.0,46.0,1428.0,2026.0,502.0,171.0,1.0,859.0,68149.0
2020-12-19,157.0,18.0,839.0,290.0,763.0,182.0,684.0,959.0,1020.0,590.0,75.0,960.0,992.0,8078.0,147.0,304.0,504.0,1298.0,373.0,223.0,229.0,264.0,1296.0,342.0,980.0,935.0,46.0,1436.0,2027.0,502.0,171.0,1.0,861.0,68149.0
2020-12-20,157.0,18.0,840.0,291.0,766.0,182.0,684.0,961.0,1020.0,590.0,75.0,960.0,992.0,8152.0,147.0,304.0,505.0,1299.0,373.0,223.0,229.0,264.0,1297.0,344.0,980.0,935.0,46.0,1447.0,2028.0,504.0,171.0,1.0,861.0,68149.0
2020-12-21,157.0,18.0,841.0,292.0,766.0,182.0,684.0,961.0,1020.0,590.0,75.0,961.0,992.0,8237.0,147.0,304.0,507.0,1299.0,373.0,224.0,229.0,264.0,1297.0,350.0,980.0,935.0,46.0,1455.0,2031.0,504.0,171.0,1.0,861.0,68149.0
2020-12-22,157.0,18.0,843.0,294.0,770.0,182.0,684.0,961.0,1020.0,590.0,75.0,961.0,992.0,8300.0,147.0,304.0,507.0,1299.0,373.0,224.0,229.0,264.0,1297.0,352.0,980.0,935.0,46.0,1461.0,2034.0,504.0,171.0,1.0,861.0,68149.0
2020-12-23,157.0,18.0,843.0,295.0,776.0,182.0,684.0,961.0,1020.0,590.0,75.0,961.0,992.0,8353.0,147.0,304.0,507.0,1300.0,373.0,224.0,229.0,264.0,1297.0,352.0,980.0,935.0,46.0,1473.0,2035.0,504.0,171.0,1.0,861.0,68149.0
2020-12-24,157.0,18.0,845.0,302.0,776.0,182.0,684.0,961.0,1020.0,590.0,75.0,961.0,992.0,8353.0,147.0,304.0,507.0,1300.0,373.0,224.0,227.0,264.0,1298.0,352.0,980.0,935.0,46.0,1479.0,2036.0,504.0,171.0,1.0,861.0,68149.0
2020-12-25,157.0,18.0,846.0,310.0,780.0,182.0,684.0,961.0,1020.0,590.0,75.0,961.0,992.0,8481.0,147.0,304.0,507.0,1300.0,373.0,224.0,227.0,264.0,1298.0,352.0,980.0,935.0,46.0,1483.0,2037.0,504.0,171.0,1.0,861.0,68149.0
2020-12-26,157.0,18.0,847.0,316.0,783.0,182.0,684.0,963.0,1021.0,590.0,75.0,961.0,992.0,8540.0,147.0,304.0,508.0,1300.0,373.0,224.0,229.0,264.0,1298.0,352.0,980.0,935.0,46.0,1488.0,2038.0,505.0,171.0,1.0,861.0,68149.0
2020-12-27,157.0,18.0,847.0,323.0,785.0,182.0,684.0,971.0,1021.0,590.0,75.0,961.0,993.0,8610.0,147.0,304.0,508.0,1302.0,373.0,224.0,229.0,264.0,1298.0,352.0,980.0,935.0,46.0,1492.0,2038.0,505.0,171.0,1.0,861.0,68149.0
2020-12-28,157.0,18.0,848.0,329.0,793.0,182.0,684.0,972.0,1021.0,590.0,75.0,961.0,993.0,8671.0,147.0,305.0,508.0,1305.0,373.0,224.0,229.0,264.0,1298.0,358.0,980.0,935.0,46.0,1494.0,2039.0,505.0,171.0,1.0,861.0,68149.0
2020-12-29,157.0,18.0,851.0,337.0,795.0,182.0,684.0,979.0,1021.0,590.0,75.0,961.0,993.0,8724.0,147.0,306.0,509.0,1305.0,373.0,224.0,229.0,264.0,1299.0,359.0,980.0,935.0,46.0,1498.0,2040.0,505.0,171.0,1.0,861.0,68149.0
2020-12-30,157.0,18.0,851.0,342.0,797.0,182.0,684.0,980.0,1021.0,590.0,75.0,962.0,993.0,8778.0,147.0,309.0,511.0,1306.0,373.0,224.0,229.0,264.0,1299.0,361.0,980.0,935.0,46.0,1505.0,2041.0,505.0,171.0,1.0,862.0,68149.0
2020-12-31,157.0,18.0,853.0,347.0,799.0,182.0,684.0,982.0,1021.0,590.0,75.0,964.0,993.0,8846.0,147.0,309.0,512.0,1306.0,373.0,224.0,229.0,264.0,1299.0,364.0,980.0,935.0,46.0,1511.0,2044.0,506.0,171.0,1.0,862.0,68149.0
2021-01-01,157.0,18.0,853.0,351.0,802.0,182.0,684.0,987.0,1021.0,590.0,75.0,964.0,993.0,8888.0,147.0,309.0,513.0,1306.0,373.0,224.0,230.0,264.0,1299.0,364.0,980.0,935.0,46.0,1516.0,2046.0,507.0,171.0,1.0,862.0,68149.0
2021-01-02,157.0,18.0,853.0,359.0,808.0,182.0,684.0,988.0,1021.0,590.0,75.0,964.0,993.0,8923.0,147.0,312.0,513.0,1306.0,373.0,224.0,230.0,264.0,1299.0,364.0,980.0,935.0,46.0,1520.0,2046.0,508.0,171.0,1.0,863.0,68149.0
2021-01-03,157.0,18.0,853.0,362.0,812.0,182.0,684.0,990.0,1021.0,590.0,75.0,968.0,993.0,8964.0,147.0,313.0,516.0,1306.0,374.0,224.0,230.0,264.0,1299.0,365.0,980.0,935.0,46.0,1526.0,2051.0,510.0,171.0,1.0,863.0,68149.0
2021-01-04,157.0,18.0,856.0,369.0,815.0,182.0,684.0,992.0,1021.0,590.0,75.0,969.0,993.0,9017.0,147.0,314.0,517.0,1306.0,378.0,225.0,230.0,264.0,1299.0,366.0,980.0,935.0,46.0,1530.0,2053.0,516.0,171.0,1.0,863.0,68149.0
2021-01-05,157.0,18.0,857.0,372.0,817.0,182.0,685.0,993.0,1021.0,590.0,75.0,969.0,993.0,9049.0,147.0,315.0,518.0,1306.0,392.0,225.0,230.0,264.0,1300.0,366.0,980.0,935.0,46.0,1536.0,2057.0,516.0,171.0,1.0,863.0,68149.0
2021-01-06,157.0,18.0,857.0,373.0,819.0,182.0,685.0,994.0,1021.0,590.0,75.0,970.0,993.0,9074.0,147.0,316.0,518.0,1306.0,412.0,225.0,230.0,264.0,1300.0,366.0,980.0,935.0,46.0,1538.0,2060.0,519.0,171.0,1.0,863.0,68149.0
2021-01-07,157.0,18.0,857.0,374.0,822.0,182.0,685.0,994.0,1021.0,590.0,75.0,971.0,993.0,9107.0,147.0,316.0,518.0,1306.0,465.0,225.0,230.0,264.0,1300.0,366.0,980.0,935.0,46.0,1543.0,2062.0,521.0,171.0,1.0,863.0,68149.0
2021-01-08,157.0,18.0,857.0,378.0,825.0,182.0,686.0,995.0,1022.0,590.0,75.0,972.0,993.0,9107.0,147.0,316.0,519.0,1306.0,502.0,225.0,230.0,264.0,1301.0,366.0,980.0,935.0,46.0,1551.0,2065.0,521.0,171.0,1.0,863.0,68149.0
2021-01-09,157.0,18.0,857.0,386.0,828.0,182.0,687.0,995.0,1022.0,590.0,75.0,972.0,993.0,9211.0,147.0,316.0,520.0,1306.0,512.0,225.0,230.0,264.0,1301.0,366.0,980.0,935.0,46.0,1558.0,2067.0,521.0,171.0,1.0,864.0,68149.0
2021-01-10,157.0,18.0,857.0,387.0,828.0,182.0,687.0,996.0,1022.0,590.0,75.0,972.0,993.0,9242.0,147.0,320.0,526.0,1308.0,598.0,226.0,230.0,264.0,1301.0,366.0,980.0,935.0,46.0,1562.0,2068.0,522.0,171.0,1.0,864.0,68149.0
2021-01-11,157.0,18.0,857.0,393.0,834.0,182.0,687.0,997.0,1022.0,590.0,75.0,972.0,993.0,9283.0,147.0,323.0,527.0,1308.0,656.0,226.0,231.0,264.0,1301.0,366.0,980.0,935.0,46.0,1564.0,2075.0,523.0,171.0,1.0,864.0,68149.0
2021-01-12,157.0,18.0,857.0,396.0,838.0,182.0,687.0,998.0,1022.0,590.0,75.0,972.0,993.0,9343.0,147.0,324.0,528.0,1308.0,701.0,226.0,231.0,264.0,1302.0,366.0,980.0,935.0,46.0,1568.0,2076.0,524.0,171.0,1.0,864.0,68149.0
2021-01-13,157.0,18.0,857.0,396.0,842.0,182.0,687.0,998.0,1022.0,590.0,75.0,1028.0,993.0,9385.0,147.0,324.0,529.0,1308.0,796.0,227.0,231.0,264.0,1302.0,366.0,980.0,935.0,46.0,1573.0,2078.0,524.0,171.0,1.0,864.0,68149.0
2021-01-14,157.0,18.0,857.0,396.0,842.0,182.0,687.0,999.0,1022.0,590.0,75.0,1031.0,993.0,9414.0,147.0,324.0,529.0,1308.0,901.0,227.0,231.0,266.0,1303.0,366.0,980.0,935.0,46.0,1581.0,2081.0,524.0,171.0,1.0,864.0,68149.0
2021-01-15,157.0,18.0,858.0,396.0,843.0,182.0,688.0,999.0,1022.0,590.0,75.0,1074.0,993.0,9452.0,147.0,324.0,529.0,1309.0,941.0,227.0,231.0,266.0,1303.0,366.0,980.0,935.0,46.0,1583.0,2084.0,526.0,171.0,1.0,864.0,68149.0
2021-01-16,160.0,18.0,860.0,396.0,850.0,182.0,688.0,1001.0,1023.0,591.0,75.0,1097.0,993.0,9502.0,147.0,327.0,529.0,1309.0,1063.0,227.0,231.0,266.0,1303.0,366.0,980.0,935.0,46.0,1590.0,2084.0,527.0,171.0,1.0,864.0,68149.0
2021-01-17,174.0,18.0,862.0,396.0,855.0,182.0,688.0,1003.0,1024.0,591.0,75.0,1109.0,993.0,9557.0,147.0,328.0,531.0,1309.0,1132.0,227.0,231.0,266.0,1303.0,366.0,980.0,935.0,46.0,1594.0,2086.0,528.0,171.0,1.0,865.0,68149.0
2021-01-18,197.0,18.0,863.0,396.0,862.0,182.0,688.0,1006.0,1026.0,591.0,75.0,1116.0,993.0,9664.0,147.0,329.0,532.0,1311.0,1171.0,227.0,231.0,266.0,1303.0,366.0,980.0,935.0,46.0,1598.0,2087.0,530.0,171.0,1.0,865.0,68149.0
2021-01-19,240.0,18.0,863.0,396.0,868.0,182.0,688.0,1007.0,1026.0,591.0,75.0,1143.0,993.0,9720.0,147.0,329.0,532.0,1314.0,1198.0,228.0,231.0,266.0,1303.0,366.0,980.0,935.0,46.0,1602.0,2090.0,531.0,171.0,1.0,865.0,68149.0
2021-01-20,290.0,18.0,865.0,396.0,870.0,182.0,688.0,1014.0,1026.0,591.0,75.0,1159.0,993.0,9797.0,147.0,330.0,533.0,1316.0,1222.0,228.0,231.0,266.0,1303.0,366.0,980.0,935.0,46.0,1606.0,2093.0,533.0,171.0,1.0,865.0,68149.0
2021-01-21,329.0,18.0,865.0,396.0,872.0,182.0,688.0,1017.0,1026.0,591.0,75.0,1227.0,993.0,9867.0,147.0,335.0,533.0,1316.0,1245.0,230.0,231.0,267.0,1303.0,366.0,980.0,935.0,46.0,1618.0,2094.0,533.0,171.0,1.0,866.0,68150.0
2021-01-22,342.0,18.0,865.0,396.0,881.0,182.0,688.0,1020.0,1026.0,591.0,75.0,1274.0,994.0,9928.0,147.0,335.0,534.0,1316.0,1252.0,231.0,231.0,267.0,1303.0,366.0,980.0,935.0,47.0,1624.0,2098.0,533.0,171.0,1.0,866.0,68150.0
